-- phpMyAdmin SQL Dump
-- version 5.2.0
-- https://www.phpmyadmin.net/
--
-- 主機： localhost:8889
-- 產生時間： 2023 年 08 月 14 日 22:38
-- 伺服器版本： 5.7.39
-- PHP 版本： 7.4.33

SET SQL_MODE = "NO_AUTO_VALUE_ON_ZERO";
START TRANSACTION;
SET time_zone = "+00:00";


/*!40101 SET @OLD_CHARACTER_SET_CLIENT=@@CHARACTER_SET_CLIENT */;
/*!40101 SET @OLD_CHARACTER_SET_RESULTS=@@CHARACTER_SET_RESULTS */;
/*!40101 SET @OLD_COLLATION_CONNECTION=@@COLLATION_CONNECTION */;
/*!40101 SET NAMES utf8mb4 */;

--
-- 資料庫： `fridntrip_final`
--

-- --------------------------------------------------------

--
-- 資料表結構 `itinerary_details`
--

CREATE TABLE `itinerary_details` (
  `sid` int(11) NOT NULL,
  `itin_id` int(11) DEFAULT NULL,
  `itin_order` int(11) DEFAULT NULL,
  `formatted_address` varchar(255) CHARACTER SET utf8mb4 DEFAULT NULL,
  `lat` double DEFAULT NULL,
  `lng` double DEFAULT NULL,
  `name` varchar(100) CHARACTER SET utf8mb4 DEFAULT NULL,
  `phone_number` varchar(100) CHARACTER SET utf8mb4 DEFAULT NULL,
  `photo_url` varchar(255) DEFAULT NULL,
  `weekday_text` text CHARACTER SET utf8mb4,
  `startdatetime` time DEFAULT NULL,
  `create_at` datetime NOT NULL
) ENGINE=InnoDB DEFAULT CHARSET=utf8;

--
-- 傾印資料表的資料 `itinerary_details`
--

INSERT INTO `itinerary_details` (`sid`, `itin_id`, `itin_order`, `formatted_address`, `lat`, `lng`, `name`, `phone_number`, `photo_url`, `weekday_text`, `startdatetime`, `create_at`) VALUES
(57, 101, 0, '103台灣台北市大同區大稻埕碼頭', 25.0566, 121.5071, '大稻埕碼頭', NULL, '', '', NULL, '2023-08-01 20:25:01'),
(91, 107, 0, '106台灣台北市大安區新生南路二段1號', 25.0311, 121.536, '大安森林公園', '02 2700 3830', NULL, '\"\"星期一: 24 小時營業,星期二: 24 小時營業,星期三: 24 小時營業,星期四: 24 小時營業,星期五: 24 小時營業,星期六: 24 小時營業,星期日: 24 小時營業\"\"', NULL, '2023-08-02 23:15:41'),
(92, 107, 1, '103台灣台北市大同區寧夏路', 25.0569, 121.5154, '寧夏夜市', '0987 456 794', NULL, '\"\"星期一: 17:00 – 01:00,星期二: 17:00 – 01:00,星期三: 17:00 – 01:00,星期四: 17:00 – 01:00,星期五: 17:00 – 01:00,星期六: 17:00 – 01:00,星期日: 17:00 – 01:00\"\"', NULL, '2023-08-02 23:15:41'),
(93, 107, 2, '115台灣台北市南港區經貿二路1號', 25.0561, 121.6185, '台北南港展覽館1館', '02 2725 5200', NULL, '\"星期一: 07:00 – 22:00,星期二: 07:00 – 22:00,星期三: 07:00 – 22:00,星期四: 07:00 – 22:00,星期五: 07:00 – 22:00,星期六: 07:00 – 22:00,星期日: 07:00 – 22:00\"', NULL, '2023-08-02 23:15:41'),
(119, 108, 1, '4331601埃及夸西拉 El Gamaliya, El-Gamaleya', 30.0555, 31.2635, 'Bab al-Futuh', '012 85445553', 'Bab al-Futuh.jpg', '\"\"星期一: 24 小時營業,星期二: 24 小時營業,星期三: 24 小時營業,星期四: 24 小時營業,星期五: 24 小時營業,星期六: 24 小時營業,星期日: 24 小時營業\"\"', NULL, '2023-08-04 13:56:33'),
(123, 97, 0, '台灣八斗子漁港', 25.1446, 121.7915, '八斗子漁港', NULL, '八斗子漁港.jpg', '', NULL, '2023-08-04 14:19:45'),
(124, 97, 1, '224台灣新北市瑞芳區', 25.1346, 121.8238, '深澳岬角 象鼻岩景觀區', '02 2960 3456', '深澳岬角 象鼻岩景觀區.jpg', '\"\"\"\"\"星期一: 24 小時營業,星期二: 24 小時營業,星期三: 24 小時營業,星期四: 24 小時營業,星期五: 24 小時營業,星期六: 24 小時營業,星期日: 24 小時營業\"\"\"\"\"', NULL, '2023-08-04 14:19:45'),
(125, 97, 2, '200台灣基隆市玉田里仁三路', 25.1283, 121.7436, '基隆夜市', NULL, '基隆夜市.jpg', '\"\"星期一: 12:00 – 00:00,星期二: 12:00 – 00:00,星期三: 12:00 – 00:00,星期四: 12:00 – 00:00,星期五: 12:00 – 00:00,星期六: 12:00 – 00:00,星期日: 08:00 – 00:00\"\"', NULL, '2023-08-04 14:19:45'),
(132, 122, 0, '106台灣台北市大安區新生南路二段1號', 25.0311, 121.536, '大安森林公園', '02 2700 3830', '大安森林公園.jpg', '\"\"\"星期一: 24 小時營業,星期二: 24 小時營業,星期三: 24 小時營業,星期四: 24 小時營業,星期五: 24 小時營業,星期六: 24 小時營業,星期日: 24 小時營業\"\"\"', NULL, '2023-08-05 13:01:59'),
(133, 122, 2, '11072台灣台北市信義區光復南路133號', 25.0441, 121.5612, '松山文創園區', '02 2765 1388', '松山文創園區.jpg', '\"\"星期一: 08:00 – 22:00,星期二: 08:00 – 22:00,星期三: 08:00 – 22:00,星期四: 08:00 – 22:00,星期五: 08:00 – 22:00,星期六: 08:00 – 22:00,星期日: 08:00 – 22:00\"\"', NULL, '2023-08-05 13:01:59'),
(134, 122, 1, '10491台灣台北市中山區新生北路三段105號', 25.0696, 121.5289, '迷宮花園', '02 2585 0192', '迷宮花園.jpg', '\"\"\"星期一: 24 小時營業,星期二: 24 小時營業,星期三: 24 小時營業,星期四: 24 小時營業,星期五: 24 小時營業,星期六: 24 小時營業,星期日: 24 小時營業\"\"\"', NULL, '2023-08-05 13:01:59'),
(144, 123, 0, '233台灣新北市烏來區瀑布路16號', 24.8476, 121.5516, '烏來瀑布', '02 2661 6942', '烏來瀑布.jpg', '\"\"\"星期一: 24 小時營業,星期二: 24 小時營業,星期三: 24 小時營業,星期四: 24 小時營業,星期五: 24 小時營業,星期六: 24 小時營業,星期日: 24 小時營業\"\"\"', NULL, '2023-08-05 13:16:29'),
(145, 123, 1, '233台灣新北市烏來區烏來街45-1號', 24.8649, 121.5519, '烏來遊客中心', '02 2661 6355', '烏來遊客中心.jpg', '\"\"\"星期一: 09:00 – 18:00,星期二: 09:00 – 18:00,星期三: 09:00 – 18:00,星期四: 09:00 – 18:00,星期五: 09:00 – 18:00,星期六: 09:00 – 18:00,星期日: 09:00 – 18:00\"\"\"', NULL, '2023-08-05 13:16:29'),
(146, 123, 2, '233台灣新北市烏來區瀑布路1-1號', 24.8488, 121.5512, '雲仙樂園', '02 2661 6510', '雲仙樂園.jpg', '\"\"\"星期一: 09:30 – 17:00,星期二: 09:30 – 17:00,星期三: 09:30 – 17:00,星期四: 09:30 – 17:00,星期五: 09:30 – 17:00,星期六: 09:30 – 19:00,星期日: 09:30 – 19:00\"\"\"', NULL, '2023-08-05 13:16:29'),
(151, 124, 0, '110台灣台北市信义区市府路45號B1', 25.0338, 121.564, '鼎泰豐 101店', '02 8101 7799', '鼎泰豐 101店.jpg', '\"\"星期一: 11:00 – 20:30,星期二: 11:00 – 20:30,星期三: 11:00 – 20:30,星期四: 11:00 – 20:30,星期五: 11:00 – 20:30,星期六: 11:00 – 20:30,星期日: 11:00 – 20:30\"\"', NULL, '2023-08-06 00:45:22'),
(152, 124, 1, '110台灣台北市信義區信義路五段7號89樓', 25.0337, 121.5645, '台北101觀景台', '02 8101 8898', '台北101觀景台.jpg', '\"\"星期一: 11:00 – 21:00,星期二: 11:00 – 21:00,星期三: 11:00 – 21:00,星期四: 11:00 – 21:00,星期五: 11:00 – 21:00,星期六: 11:00 – 21:00,星期日: 11:00 – 21:00\"\"', NULL, '2023-08-06 00:45:22'),
(153, 124, 2, '105台灣台北市松山區饒河街', 25.051, 121.5776, '饒河街觀光夜市', '02 2766 8876', '饒河街觀光夜市.jpg', '\"\"星期一: 17:00 – 23:00,星期二: 17:00 – 23:00,星期三: 17:00 – 23:00,星期四: 17:00 – 23:00,星期五: 17:00 – 23:00,星期六: 17:00 – 23:00,星期日: 17:00 – 23:00\"\"', NULL, '2023-08-06 00:45:22'),
(154, 127, 1, '239台灣新北市鶯歌區館前路300號', 24.9529, 121.3574, '新北市美術館', '02 2679 6088', '新北市美術館.jpg', '\"星期一: 休息,星期二: 10:00 – 17:00,星期三: 10:00 – 17:00,星期四: 10:00 – 17:00,星期五: 10:00 – 17:00,星期六: 10:00 – 17:00,星期日: 10:00 – 17:00\"', NULL, '2023-08-06 02:44:47'),
(155, 127, 0, '106台灣台北市大安區新生南路二段1號', 25.0311, 121.536, '大安森林公園', '02 2700 3830', '大安森林公園.jpg', '\"星期一: 24 小時營業,星期二: 24 小時營業,星期三: 24 小時營業,星期四: 24 小時營業,星期五: 24 小時營業,星期六: 24 小時營業,星期日: 24 小時營業\"', NULL, '2023-08-06 02:44:47'),
(158, 128, 0, '106台灣台北市大安區新生南路二段1號', 25.0311, 121.536, '大安森林公園', '02 2700 3830', '大安森林公園.jpg', '\"星期一: 24 小時營業,星期二: 24 小時營業,星期三: 24 小時營業,星期四: 24 小時營業,星期五: 24 小時營業,星期六: 24 小時營業,星期日: 24 小時營業\"', NULL, '2023-08-06 03:33:01'),
(161, 130, 0, '114台灣台北市內湖區洲子街12號', 25.0783, 121.5751, '臺北市內湖運動中心 Taipei Neihu Sports Center', '02 2656 2869', '臺北市內湖運動中心 Taipei Neihu Sports Center.jpg', '\"\"星期一: 06:00 – 22:00,星期二: 06:00 – 22:00,星期三: 06:00 – 22:00,星期四: 06:00 – 22:00,星期五: 06:00 – 22:00,星期六: 06:00 – 22:00,星期日: 06:00 – 22:00\"\"', NULL, '2023-08-06 03:38:02'),
(162, 130, 1, '114台灣台北市內湖區內湖科學園區', 25.079, 121.5704, '內湖科學園區', NULL, '內湖科學園區.jpg', '', NULL, '2023-08-06 03:38:02'),
(163, 130, 2, '115台灣台北市南港區經貿二路1號', 25.0561, 121.6185, '台北南港展覽館1館', '02 2725 5200', '台北南港展覽館1館.jpg', '\"星期一: 07:00 – 22:00,星期二: 07:00 – 22:00,星期三: 07:00 – 22:00,星期四: 07:00 – 22:00,星期五: 07:00 – 22:00,星期六: 07:00 – 22:00,星期日: 07:00 – 22:00\"', NULL, '2023-08-06 03:38:02'),
(166, 131, 0, '112台灣台北市北投區中山路2號', 25.1367, 121.5072, '北投溫泉博物館', '02 2893 9981', '北投溫泉博物館.jpg', '\"\"星期一: 休息,星期二: 10:00 – 18:00,星期三: 10:00 – 18:00,星期四: 10:00 – 18:00,星期五: 10:00 – 18:00,星期六: 10:00 – 18:00,星期日: 10:00 – 18:00\"\"', NULL, '2023-08-06 03:56:47'),
(167, 131, 1, '112台灣台北市北投區幽雅路30號', 25.1378, 121.5152, '北投麗禧溫泉酒店 Grand View Resort Beitou', '02 2898 8888', '北投麗禧溫泉酒店 Grand View Resort Beitou.jpg', '\"\"星期一: 24 小時營業,星期二: 24 小時營業,星期三: 24 小時營業,星期四: 24 小時營業,星期五: 24 小時營業,星期六: 24 小時營業,星期日: 24 小時營業\"\"', NULL, '2023-08-06 03:56:47'),
(168, 131, 2, '112台灣台北市北投區石牌路一段39巷100號', 25.1167, 121.5097, '臺北市北投運動中心', '02 2820 2880', '臺北市北投運動中心.jpg', '\"星期一: 06:00 – 22:00,星期二: 06:00 – 22:00,星期三: 06:00 – 22:00,星期四: 06:00 – 22:00,星期五: 06:00 – 22:00,星期六: 06:00 – 22:00,星期日: 06:00 – 22:00\"', NULL, '2023-08-06 03:56:47'),
(172, 132, 0, '227台灣新北市雙溪區尪子崙坑', 25.0568, 121.8432, '三貂嶺生態友善隧道', '02 2493 3782', '三貂嶺生態友善隧道.jpg', '\"\"星期一: 休息,星期二: 08:30 – 16:00,星期三: 08:30 – 16:00,星期四: 08:30 – 16:00,星期五: 08:30 – 16:00,星期六: 08:30 – 16:00,星期日: 08:30 – 16:00\"\"', NULL, '2023-08-06 12:30:57'),
(173, 132, 1, '224台灣新北市瑞芳區', 25.0616, 121.8118, '三貂嶺瀑布群觀瀑台', NULL, '三貂嶺瀑布群觀瀑台.jpg', '\"\"星期一: 24 小時營業,星期二: 24 小時營業,星期三: 24 小時營業,星期四: 24 小時營業,星期五: 24 小時營業,星期六: 24 小時營業,星期日: 24 小時營業\"\"', NULL, '2023-08-06 12:30:57'),
(177, 135, 0, '106台灣台北市大安區新生南路二段1號', 25.0311, 121.536, '大安森林公園', '02 2700 3830', '大安森林公園.jpg', '\"\"星期一: 24 小時營業,星期二: 24 小時營業,星期三: 24 小時營業,星期四: 24 小時營業,星期五: 24 小時營業,星期六: 24 小時營業,星期日: 24 小時營業\"\"', NULL, '2023-08-06 21:32:37'),
(178, 135, 2, '111台灣台北市士林區承德路五段55號', 25.0974, 121.5152, '台北兒童新樂園停車場', '02 2834 5378', '台北兒童新樂園停車場.jpg', '\"\"星期一: 24 小時營業,星期二: 24 小時營業,星期三: 24 小時營業,星期四: 24 小時營業,星期五: 24 小時營業,星期六: 24 小時營業,星期日: 24 小時營業\"\"', NULL, '2023-08-06 21:32:37'),
(179, 135, 1, '10491台灣台北市中山區民權東路二段109號', 25.0627, 121.5338, '行天宮', '02 2502 7924', '行天宮.jpg', '\"\"星期一: 04:00 – 22:00,星期二: 04:00 – 22:00,星期三: 04:00 – 22:00,星期四: 04:00 – 22:00,星期五: 04:00 – 22:00,星期六: 04:00 – 22:00,星期日: 04:00 – 22:00\"\"', NULL, '2023-08-06 21:32:37'),
(180, 135, 3, '115台灣台北市南港區經貿二路1號', 25.0561, 121.6185, '台北南港展覽館1館', '02 2725 5200', '台北南港展覽館1館.jpg', '\"星期一: 07:00 – 22:00,星期二: 07:00 – 22:00,星期三: 07:00 – 22:00,星期四: 07:00 – 22:00,星期五: 07:00 – 22:00,星期六: 07:00 – 22:00,星期日: 07:00 – 22:00\"', NULL, '2023-08-06 21:32:37'),
(185, 82, 0, '224台灣新北市瑞芳區224Taiwan , Fengjia Road, Ruifang District, New Taipei City', 25.0872, 121.8268, '猴硐貓村', '02 2497 1266', '猴硐貓村.jpg', '\"\"星期一: 24 小時營業,星期二: 24 小時營業,星期三: 24 小時營業,星期四: 24 小時營業,星期五: 24 小時營業,星期六: 24 小時營業,星期日: 24 小時營業\"\"', NULL, '2023-08-07 09:12:41'),
(186, 82, 1, '224台灣新北市瑞芳區煤礦 博物 園區', 25.0868, 121.8279, '猴硐煤礦博物園區旅遊資訊中心', '02 2497 4143', '猴硐煤礦博物園區旅遊資訊中心.jpg', '\"\"星期一: 08:00 – 18:00,星期二: 08:00 – 18:00,星期三: 08:00 – 18:00,星期四: 08:00 – 18:00,星期五: 08:00 – 18:00,星期六: 08:00 – 18:00,星期日: 08:00 – 18:00\"\"', NULL, '2023-08-07 09:12:41'),
(187, 82, 2, '224台灣新北市瑞芳區基山街', 25.1099, 121.8452, '九份老街', '02 2406 3270', '九份老街.jpg', '\"\"星期一: 08:00 – 19:00,星期二: 08:00 – 19:00,星期三: 08:00 – 19:00,星期四: 08:00 – 19:00,星期五: 08:00 – 22:00,星期六: 08:00 – 22:00,星期日: 08:00 – 22:00\"\"', NULL, '2023-08-07 09:12:41'),
(188, 82, 3, '224台灣新北市瑞芳區市下巷20號', 25.1086, 121.8436, '阿妹茶樓', '02 2496 0833', '阿妹茶樓.jpg', '\"\"星期一: 10:00 – 21:30,星期二: 10:00 – 21:30,星期三: 10:00 – 21:30,星期四: 10:00 – 21:30,星期五: 10:00 – 21:30,星期六: 10:00 – 21:30,星期日: 10:00 – 21:30\"\"', NULL, '2023-08-07 09:12:41'),
(189, 88, 0, '116台灣台北市文山區', 24.9682, 121.5879, '貓空纜車站', NULL, '貓空纜車站.jpg', '', NULL, '2023-08-07 14:08:16'),
(190, 88, 3, '22391台灣新北市石碇區北宜路六段獅仔頭坑巷16號', 24.9323, 121.6424, '八卦茶園', '0916 868 615', '八卦茶園.jpg', '\"星期一: 09:30 – 17:00,星期二: 09:30 – 17:00,星期三: 09:30 – 17:00,星期四: 09:30 – 17:00,星期五: 09:30 – 17:00,星期六: 09:30 – 17:00,星期日: 09:30 – 17:00\"', NULL, '2023-08-07 14:08:16'),
(191, 88, 1, '116台灣台北市文山區台北市文山區', 24.9708, 121.5963, '茶展中心步道 (Healthy trail)', NULL, '茶展中心步道 (Healthy trail).jpg', '\"星期一: 24 小時營業,星期二: 24 小時營業,星期三: 24 小時營業,星期四: 24 小時營業,星期五: 24 小時營業,星期六: 24 小時營業,星期日: 24 小時營業\"', NULL, '2023-08-07 14:08:16'),
(192, 88, 2, '116台灣台北市文山區指南路三段40巷8之2號', 24.9691, 121.5943, '台北市鐵觀音包種茶研發推廣中心', '02 2234 0568', '台北市鐵觀音包種茶研發推廣中心.jpg', '\"星期一: 休息,星期二: 09:00 – 17:00,星期三: 09:00 – 17:00,星期四: 09:00 – 17:00,星期五: 09:00 – 17:00,星期六: 09:00 – 17:00,星期日: 09:00 – 17:00\"', NULL, '2023-08-07 14:08:16'),
(193, 88, 4, '232台灣新北市坪林區北宜路八段290號', 24.9352, 121.7101, '坪林茶莊', '02 2665 6218', '坪林茶莊.jpg', '\"星期一: 08:00 – 19:30,星期二: 08:00 – 19:30,星期三: 08:00 – 19:30,星期四: 08:00 – 19:30,星期五: 08:00 – 19:30,星期六: 08:00 – 19:30,星期日: 08:00 – 19:30\"', NULL, '2023-08-07 14:08:16'),
(194, 86, 0, '226台灣新北市平溪區十分街81號', 25.0429, 121.7768, '十分老街', NULL, '十分老街.jpg', '\"星期一: 24 小時營業,星期二: 24 小時營業,星期三: 24 小時營業,星期四: 24 小時營業,星期五: 24 小時營業,星期六: 24 小時營業,星期日: 24 小時營業\"', NULL, '2023-08-07 14:12:27'),
(195, 86, 1, '226台灣新北市平溪區乾坑10號', 25.0474, 121.7842, '十分瀑布', '02 2495 8409', '十分瀑布.jpg', '\"星期一: 09:00 – 16:30,星期二: 09:00 – 16:30,星期三: 09:00 – 16:30,星期四: 09:00 – 16:30,星期五: 09:00 – 16:30,星期六: 09:00 – 16:30,星期日: 09:00 – 16:30\"', NULL, '2023-08-07 14:12:27'),
(196, 96, 0, '251台灣新北市淡水區中正路1號', 25.1692, 121.4439, '淡水老街', '02 2622 1020', '淡水老街.jpg', '\"星期一: 24 小時營業,星期二: 24 小時營業,星期三: 24 小時營業,星期四: 24 小時營業,星期五: 24 小時營業,星期六: 24 小時營業,星期日: 24 小時營業\"', NULL, '2023-08-07 14:26:54'),
(197, 96, 1, '251台灣新北市淡水區中正路28巷1號', 25.175, 121.4333, '淡水紅毛城', '02 2623 1001', '淡水紅毛城.jpg', '\"星期一: 09:30 – 17:00,星期二: 09:30 – 17:00,星期三: 09:30 – 17:00,星期四: 09:30 – 17:00,星期五: 09:30 – 17:00,星期六: 09:30 – 18:00,星期日: 09:30 – 18:00\"', NULL, '2023-08-07 14:26:54'),
(198, 96, 2, '251台灣新北市淡水區觀海路199號', 25.1833, 121.4108, '情人橋', '02 2805 8476', '情人橋.jpg', '\"星期一: 24 小時營業,星期二: 24 小時營業,星期三: 24 小時營業,星期四: 24 小時營業,星期五: 24 小時營業,星期六: 24 小時營業,星期日: 24 小時營業\"', NULL, '2023-08-07 14:26:54'),
(199, 104, 0, '224台灣新北市瑞芳區柴寮路70號', 25.0869, 121.8274, '猴硐車站', NULL, '猴硐車站.jpg', '', NULL, '2023-08-07 15:42:19'),
(200, 104, 1, '224台灣新北市瑞芳區柴寮路42號', 25.0868, 121.8276, '猴硐煤礦博物園區', '02 2497 4143', '猴硐煤礦博物園區.jpg', '\"星期一: 08:00 – 18:00,星期二: 08:00 – 18:00,星期三: 08:00 – 18:00,星期四: 08:00 – 18:00,星期五: 08:00 – 18:00,星期六: 08:00 – 18:00,星期日: 08:00 – 18:00\"', NULL, '2023-08-07 15:42:19'),
(201, 104, 2, '224台灣新北市瑞芳區猴硐柴寮路42號', 25.086, 121.8278, '瑞三運煤橋', '02 2497 4143', '瑞三運煤橋.jpg', '\"星期一: 08:00 – 18:00,星期二: 08:00 – 18:00,星期三: 08:00 – 18:00,星期四: 08:00 – 18:00,星期五: 08:00 – 18:00,星期六: 08:00 – 18:00,星期日: 08:00 – 18:00\"', NULL, '2023-08-07 15:42:19'),
(202, 104, 3, '224台灣新北市瑞芳區侯硐路61號', 25.088, 121.8293, '猴硐神社', '02 2497 2250', '猴硐神社.jpg', '\"星期一: 24 小時營業,星期二: 24 小時營業,星期三: 24 小時營業,星期四: 24 小時營業,星期五: 24 小時營業,星期六: 24 小時營業,星期日: 24 小時營業\"', NULL, '2023-08-07 15:42:19'),
(203, 104, 4, '224台灣新北市瑞芳區柴寮路68號', 25.0873, 121.8278, '68小吃店', '02 2496 0688', '68小吃店.jpg', '\"星期一: 09:00 – 17:00,星期二: 09:00 – 17:00,星期三: 09:00 – 17:00,星期四: 09:00 – 17:00,星期五: 09:00 – 17:00,星期六: 09:00 – 17:00,星期日: 09:00 – 17:00\"', NULL, '2023-08-07 15:42:19'),
(204, 136, 0, '251台灣新北市淡水區觀海路199號', 25.1835, 121.4114, '淡水漁人碼頭', '02 2626 7613', '淡水漁人碼頭.jpg', '\"星期一: 24 小時營業,星期二: 24 小時營業,星期三: 24 小時營業,星期四: 24 小時營業,星期五: 24 小時營業,星期六: 24 小時營業,星期日: 24 小時營業\"', NULL, '2023-08-07 18:25:41'),
(205, 136, 1, '25172台灣新北市淡水區中正路一段2號', 25.1758, 121.4285, '滬尾藝文休閒園區', '02 2626 5222', '滬尾藝文休閒園區.jpg', '\"星期一: 24 小時營業,星期二: 24 小時營業,星期三: 24 小時營業,星期四: 24 小時營業,星期五: 24 小時營業,星期六: 24 小時營業,星期日: 24 小時營業\"', NULL, '2023-08-07 18:25:41'),
(206, 136, 2, '251台灣新北市淡水區中正路28巷1號', 25.175, 121.4333, '淡水紅毛城', '02 2623 1001', '淡水紅毛城.jpg', '\"星期一: 09:30 – 17:00,星期二: 09:30 – 17:00,星期三: 09:30 – 17:00,星期四: 09:30 – 17:00,星期五: 09:30 – 17:00,星期六: 09:30 – 18:00,星期日: 09:30 – 18:00\"', NULL, '2023-08-07 18:25:41'),
(207, 136, 3, '251台灣新北市淡水區真理街15號', 25.174, 121.4363, '小白宮(前大清淡水總稅務司官邸)', '02 2628 2865', '小白宮(前大清淡水總稅務司官邸).jpg', '\"星期一: 09:30 – 17:00,星期二: 09:30 – 17:00,星期三: 09:30 – 17:00,星期四: 09:30 – 17:00,星期五: 09:30 – 17:00,星期六: 09:30 – 18:00,星期日: 09:30 – 18:00\"', NULL, '2023-08-07 18:25:41'),
(208, 136, 4, '251台灣新北市淡水區公明街42號', 25.1689, 121.4431, '淡水老街徒步區', NULL, '淡水老街徒步區.jpg', '', NULL, '2023-08-07 18:25:41'),
(209, 136, 5, '112台灣台北市北投區地熱谷', 25.1379, 121.5119, '地熱谷', NULL, '地熱谷.jpg', '', NULL, '2023-08-07 18:25:41'),
(210, 87, 0, '207台灣新北市萬里區', 25.2029, 121.6944, '萬里駱駝峰', NULL, '萬里駱駝峰.jpg', '\"undefined\"', NULL, '2023-08-08 09:31:30'),
(211, 87, 1, '207台灣新北市萬里區港東路167-1號', 25.2058, 121.6902, '野柳地質公園', '02 2492 2016', '野柳地質公園.jpg', '\"星期一: 08:00 – 17:00,星期二: 08:00 – 17:00,星期三: 08:00 – 17:00,星期四: 08:00 – 17:00,星期五: 08:00 – 17:00,星期六: 08:00 – 17:00,星期日: 08:00 – 17:00\"', NULL, '2023-08-08 09:31:30'),
(212, 87, 2, '207台灣新北市萬里區加投路250-5號', 25.2154, 121.6442, '沐川海㡳溫泉', '02 2498 4299', '沐川海㡳溫泉.jpg', '', NULL, '2023-08-08 09:31:30'),
(217, 89, 0, '110台灣台北市信義區松勤街52號', 25.0318, 121.5619, '四四南村', '02 2723 7937', '四四南村.jpg', '\"\"星期一: 休息,星期二: 09:00 – 17:00,星期三: 09:00 – 17:00,星期四: 09:00 – 17:00,星期五: 09:00 – 17:00,星期六: 09:00 – 17:00,星期日: 09:00 – 17:00\"\"', NULL, '2023-08-08 09:34:18'),
(218, 89, 1, '110台灣台北市信義區吳興街37號', 25.0313, 121.56, '查記麵館', '02 2758 8538', '查記麵館.jpg', '\"\"星期一: 11:00 – 14:00, 16:00 – 19:30,星期二: 11:00 – 14:00, 16:00 – 19:30,星期三: 11:00 – 14:00, 16:00 – 19:30,星期四: 11:00 – 14:00, 16:00 – 19:30,星期五: 11:00 – 14:00, 16:00 – 19:30,星期六: 休息,星期日: 休息\"\"', NULL, '2023-08-08 09:34:18'),
(219, 89, 2, '110台灣台北市信義區莊敬路423巷2弄1號', 25.0276, 121.5668, '大山咖啡店', '02 2758 6243', '大山咖啡店.jpg', '\"\"星期一: 10:00 – 18:00,星期二: 10:00 – 18:00,星期三: 休息,星期四: 休息,星期五: 10:00 – 18:00,星期六: 12:00 – 19:00,星期日: 12:00 – 19:00\"\"', NULL, '2023-08-08 09:34:18'),
(220, 89, 3, '110台灣台北市信義區象山', 25.0273, 121.5736, '象山', NULL, '象山.jpg', '\"undefined\"', NULL, '2023-08-08 09:34:18'),
(221, 90, 0, '224台灣新北市瑞芳區柴寮路70號', 25.0869, 121.8274, '猴硐車站', NULL, '猴硐車站.jpg', '', NULL, '2023-08-08 09:37:54'),
(222, 90, 1, '224台灣新北市瑞芳區224柴寮路', 25.0805, 121.8246, '新北市礦工紀念館 (原瑞三鑛業本礦礦工浴室)', '02 2497 4143', '新北市礦工紀念館 (原瑞三鑛業本礦礦工浴室).jpg', '\"星期一: 09:00 – 12:00, 14:00 – 17:00,星期二: 09:00 – 12:00, 14:00 – 17:00,星期三: 09:00 – 12:00, 14:00 – 17:00,星期四: 09:00 – 12:00, 14:00 – 17:00,星期五: 09:00 – 12:00, 14:00 – 17:00,星期六: 09:00 – 12:00, 14:00 – 17:00,星期日: 09:00 – 12:00, 14:00 – 17:00\"', NULL, '2023-08-08 09:37:54'),
(223, 90, 2, '224台灣新北市瑞芳區柴寮路', 25.0795, 121.8248, '猴硐壺穴觀景台', NULL, '猴硐壺穴觀景台.jpg', '\"星期一: 24 小時營業,星期二: 24 小時營業,星期三: 24 小時營業,星期四: 24 小時營業,星期五: 24 小時營業,星期六: 24 小時營業,星期日: 24 小時營業\"', NULL, '2023-08-08 09:37:54'),
(224, 90, 3, '224台灣新北市瑞芳區魚寮路99號', 25.0582, 121.8217, '三貂煤礦', NULL, '三貂煤礦.jpg', '\"星期一: 24 小時營業,星期二: 24 小時營業,星期三: 24 小時營業,星期四: 24 小時營業,星期五: 24 小時營業,星期六: 24 小時營業,星期日: 24 小時營業\"', NULL, '2023-08-08 09:37:54'),
(225, 90, 4, '227台灣新北市雙溪區尪子崙坑', 25.0568, 121.8432, '三貂嶺生態友善隧道', '02 2493 3782', '三貂嶺生態友善隧道.jpg', '\"星期一: 休息,星期二: 08:30 – 16:00,星期三: 08:30 – 16:00,星期四: 08:30 – 16:00,星期五: 08:30 – 16:00,星期六: 08:30 – 16:00,星期日: 08:30 – 16:00\"', NULL, '2023-08-08 09:37:54'),
(226, 102, 0, '202台灣基隆市平一路360號', 25.1613, 121.7642, '和平島地質公園', '02 2463 5452', '和平島地質公園.jpg', '\"星期一: 08:00 – 19:00,星期二: 08:00 – 19:00,星期三: 08:00 – 19:00,星期四: 08:00 – 19:00,星期五: 08:00 – 19:00,星期六: 08:00 – 19:00,星期日: 08:00 – 19:00\"', NULL, '2023-08-08 09:39:44'),
(227, 102, 1, '202台灣基隆市正濱路72號', 25.1527, 121.7694, '正濱漁港-彩色街屋', NULL, '正濱漁港-彩色街屋.jpg', '\"星期一: 24 小時營業,星期二: 24 小時營業,星期三: 24 小時營業,星期四: 24 小時營業,星期五: 24 小時營業,星期六: 24 小時營業,星期日: 24 小時營業\"', NULL, '2023-08-08 09:39:44'),
(228, 137, 0, '112台灣台北市北投區奇岩路', 25.1318, 121.5146, '軍艦岩親山步道', '02 2759 3001', '軍艦岩親山步道.jpg', '\"星期一: 24 小時營業,星期二: 24 小時營業,星期三: 24 小時營業,星期四: 24 小時營業,星期五: 24 小時營業,星期六: 24 小時營業,星期日: 24 小時營業\"', NULL, '2023-08-08 09:50:10'),
(229, 138, 0, '111台灣台北市士林區士商路189號', 25.0956, 121.5167, '國立臺灣科學教育館', '02 6610 1234#1000', '國立臺灣科學教育館.jpg', '\"星期一: 09:00 – 18:00,星期二: 09:00 – 18:00,星期三: 09:00 – 18:00,星期四: 09:00 – 18:00,星期五: 09:00 – 18:00,星期六: 09:00 – 18:00,星期日: 09:00 – 18:00\"', NULL, '2023-08-08 09:53:35'),
(230, 138, 1, '103台灣台北市大同區寧夏路', 25.0564, 121.5154, '寧夏夜市', '0987 456 794', '寧夏夜市.jpg', '\"星期一: 17:00 – 01:00,星期二: 17:00 – 01:00,星期三: 17:00 – 01:00,星期四: 17:00 – 01:00,星期五: 17:00 – 01:00,星期六: 17:00 – 01:00,星期日: 17:00 – 01:00\"', NULL, '2023-08-08 09:53:35'),
(231, 139, 0, '237台灣新北市三峽區仁愛街47號', 24.9328, 121.3686, '藍染公園', '02 8674 3601', '藍染公園.jpg', '\"星期一: 10:00 – 17:00,星期二: 休息,星期三: 10:00 – 17:00,星期四: 10:00 – 17:00,星期五: 10:00 – 17:00,星期六: 10:00 – 18:00,星期日: 10:00 – 18:00\"', NULL, '2023-08-08 10:03:07'),
(232, 139, 1, '237台灣新北市三峽區溪南里', 24.9375, 121.3884, '三角湧大橋', NULL, '三角湧大橋.jpg', '\"星期一: 24 小時營業,星期二: 24 小時營業,星期三: 24 小時營業,星期四: 24 小時營業,星期五: 24 小時營業,星期六: 24 小時營業,星期日: 24 小時營業\"', NULL, '2023-08-08 10:03:07'),
(233, 139, 2, '237台灣新北市三峽區民權街37-147號', 24.9338, 121.3698, '三峽老街', '0920 767 374', '三峽老街.jpg', '\"星期一: 10:00 – 19:30,星期二: 10:00 – 19:30,星期三: 10:00 – 19:30,星期四: 10:00 – 19:30,星期五: 10:00 – 19:30,星期六: 09:00 – 20:00,星期日: 09:00 – 20:00\"', NULL, '2023-08-08 10:03:07'),
(234, 140, 0, '237台灣新北市三峽區中坑產業道路237號', 24.8343, 121.466, '雲森瀑布', NULL, '雲森瀑布.jpg', '\"星期一: 24 小時營業,星期二: 24 小時營業,星期三: 24 小時營業,星期四: 24 小時營業,星期五: 24 小時營業,星期六: 24 小時營業,星期日: 24 小時營業\"', NULL, '2023-08-08 10:07:30'),
(235, 140, 1, '237台灣新北市三峡区中山路651巷53號', 24.9296, 121.3446, 'NineSky 九天', '0958 091 799', 'NineSky 九天.jpg', '\"星期一: 11:00 – 19:00,星期二: 休息,星期三: 休息,星期四: 11:00 – 19:00,星期五: 11:00 – 19:00,星期六: 11:00 – 20:00,星期日: 11:00 – 20:00\"', NULL, '2023-08-08 10:07:30'),
(236, 141, 0, '262台灣宜蘭縣開蘭路209號', 24.7909, 121.7499, '甲鳥園（複合式養鴨農場）', '03 928 8152', '甲鳥園（複合式養鴨農場）.jpg', '\"星期一: 09:00 – 18:00,星期二: 09:00 – 18:00,星期三: 09:00 – 18:00,星期四: 09:00 – 18:00,星期五: 09:00 – 18:00,星期六: 09:00 – 18:00,星期日: 09:00 – 18:00\"', NULL, '2023-08-08 10:14:15'),
(237, 141, 1, '262台灣宜蘭縣礁溪鄉', 24.8276, 121.7709, '湯圍溝溫泉公園礁溪路側免費泡腳池', NULL, '湯圍溝溫泉公園礁溪路側免費泡腳池.jpg', '\"星期一: 24 小時營業,星期二: 24 小時營業,星期三: 24 小時營業,星期四: 24 小時營業,星期五: 24 小時營業,星期六: 24 小時營業,星期日: 24 小時營業\"', NULL, '2023-08-08 10:14:15'),
(238, 141, 2, '262台灣宜蘭縣白石腳路157巷31號', 24.838, 121.7756, '空ㄟ農場', '0912 089 795', '空ㄟ農場.jpg', '\"星期一: 15:00 – 23:00,星期二: 15:00 – 23:00,星期三: 15:00 – 23:00,星期四: 休息,星期五: 15:00 – 23:00,星期六: 15:00 – 00:00,星期日: 15:00 – 00:00\"', NULL, '2023-08-08 10:14:15'),
(239, 142, 0, '237台灣新北市三峽區長福街2號正對面', 24.9338, 121.3699, '真本家 真角燒x雞蛋糕', '0975 325 822', '真本家 真角燒x雞蛋糕.jpg', '\"星期一: 11:30 – 20:00,星期二: 休息,星期三: 11:30 – 20:00,星期四: 11:30 – 20:00,星期五: 11:30 – 20:00,星期六: 11:00 – 20:00,星期日: 11:00 – 20:00\"', NULL, '2023-08-08 10:21:33'),
(240, 142, 1, '237台灣新北市三峽區民權街87號', 24.9328, 121.3694, '鄭記三角豬血糕', '0922 975 583', '鄭記三角豬血糕.jpg', '\"星期一: 11:00 – 18:00,星期二: 休息,星期三: 11:00 – 18:00,星期四: 11:00 – 18:00,星期五: 11:00 – 18:00,星期六: 11:00 – 18:00,星期日: 11:00 – 18:00\"', NULL, '2023-08-08 10:21:33'),
(241, 142, 2, '237台灣新北市三峽區民權街31號', 24.9341, 121.3701, '來來麻糬', '0916 321 367', '來來麻糬.jpg', '\"星期一: 休息,星期二: 08:30 – 15:30,星期三: 08:30 – 15:30,星期四: 08:30 – 15:30,星期五: 08:30 – 15:30,星期六: 10:30 – 18:00,星期日: 10:30 – 18:00\"', NULL, '2023-08-08 10:21:33'),
(242, 143, 0, '208台灣新北市金山區西勢湖2號', 25.2463, 121.6112, '朱銘美術館', '02 2498 9940', '朱銘美術館.jpg', '\"星期一: 休息,星期二: 10:00 – 17:00,星期三: 10:00 – 17:00,星期四: 10:00 – 17:00,星期五: 10:00 – 17:00,星期六: 10:00 – 17:00,星期日: 10:00 – 17:00\"', NULL, '2023-08-08 10:24:28'),
(243, 143, 1, '208台灣新北市金山區23號', 25.2395, 121.5995, '鹿羽松牧場', '0956 020 406', '鹿羽松牧場.jpg', '\"星期一: 10:00 – 17:00,星期二: 10:00 – 17:00,星期三: 10:00 – 17:00,星期四: 10:00 – 17:00,星期五: 10:00 – 17:00,星期六: 10:00 – 17:00,星期日: 10:00 – 17:00\"', NULL, '2023-08-08 10:24:28'),
(244, 143, 2, '208台灣新北市金山區海興路174號', 25.24, 121.6329, 'Quiet B. Days靠北過日子', '02 2408 2332', 'Quiet B. Days靠北過日子.jpg', '\"星期一: 11:00 – 19:00,星期二: 11:00 – 19:00,星期三: 休息,星期四: 11:00 – 19:00,星期五: 11:00 – 19:00,星期六: 11:00 – 20:00,星期日: 11:00 – 20:00\"', NULL, '2023-08-08 10:24:28'),
(245, 144, 0, '208台灣新北市金山區西勢湖2號', 25.2463, 121.6112, '朱銘美術館', '02 2498 9940', '朱銘美術館.jpg', '\"星期一: 休息,星期二: 10:00 – 17:00,星期三: 10:00 – 17:00,星期四: 10:00 – 17:00,星期五: 10:00 – 17:00,星期六: 10:00 – 17:00,星期日: 10:00 – 17:00\"', NULL, '2023-08-08 10:27:31'),
(246, 144, 1, '208台灣新北市金山區23號', 25.2395, 121.5995, '鹿羽松牧場', '0956 020 406', '鹿羽松牧場.jpg', '\"星期一: 10:00 – 17:00,星期二: 10:00 – 17:00,星期三: 10:00 – 17:00,星期四: 10:00 – 17:00,星期五: 10:00 – 17:00,星期六: 10:00 – 17:00,星期日: 10:00 – 17:00\"', NULL, '2023-08-08 10:27:31'),
(247, 144, 2, '208台灣新北市金山區海興路174號', 25.24, 121.6329, 'Quiet B. Days靠北過日子', '02 2408 2332', 'Quiet B. Days靠北過日子.jpg', '\"星期一: 11:00 – 19:00,星期二: 11:00 – 19:00,星期三: 休息,星期四: 11:00 – 19:00,星期五: 11:00 – 19:00,星期六: 11:00 – 20:00,星期日: 11:00 – 20:00\"', NULL, '2023-08-08 10:27:31'),
(249, 126, 0, '100台灣台北市中正區八德路一段1號', 25.0438, 121.5292, '華山1914文化創意產業園區', '02 2358 1914', '華山1914文化創意產業園區.jpg', '\"\"星期一: 24 小時營業,星期二: 24 小時營業,星期三: 24 小時營業,星期四: 24 小時營業,星期五: 24 小時營業,星期六: 24 小時營業,星期日: 24 小時營業\"\"', NULL, '2023-08-08 10:49:29'),
(250, 126, 1, '100台灣台北市中正區南海路53號', 25.0323, 121.5098, '台北植物園', '02 2303 9978', '台北植物園.jpg', '\"星期一: 06:00 – 20:00,星期二: 06:00 – 20:00,星期三: 06:00 – 20:00,星期四: 06:00 – 20:00,星期五: 06:00 – 20:00,星期六: 06:00 – 20:00,星期日: 06:00 – 20:00\"', NULL, '2023-08-08 10:49:29'),
(253, 145, 0, '116台灣台北市文山區新光路二段30號', 24.9988, 121.5808, '臺北市立動物園', '02 2938 2300', '臺北市立動物園.jpg', '\"\"星期一: 09:00 – 17:00,星期二: 09:00 – 17:00,星期三: 09:00 – 17:00,星期四: 09:00 – 17:00,星期五: 09:00 – 17:00,星期六: 09:00 – 17:00,星期日: 09:00 – 17:00\"\"', NULL, '2023-08-08 14:06:54'),
(254, 146, 0, '224台灣新北市瑞芳區金水公路', 25.1173, 121.8613, '黃金瀑布', NULL, '黃金瀑布.jpg', '\"星期一: 24 小時營業,星期二: 24 小時營業,星期三: 24 小時營業,星期四: 24 小時營業,星期五: 24 小時營業,星期六: 24 小時營業,星期日: 24 小時營業\"', NULL, '2023-08-08 14:36:15'),
(255, 146, 1, '224台灣新北市瑞芳區濓新里', 25.1223, 121.8642, '陰陽海景觀台', '02 2496 1588', '陰陽海景觀台.jpg', '\"星期一: 24 小時營業,星期二: 24 小時營業,星期三: 24 小時營業,星期四: 24 小時營業,星期五: 24 小時營業,星期六: 24 小時營業,星期日: 24 小時營業\"', NULL, '2023-08-08 14:36:15'),
(256, 146, 2, '224台灣新北市瑞芳區', 25.1183, 121.8645, '水湳洞選煉廠遺址', '02 2497 2250', '水湳洞選煉廠遺址.jpg', '\"星期一: 24 小時營業,星期二: 24 小時營業,星期三: 24 小時營業,星期四: 24 小時營業,星期五: 24 小時營業,星期六: 24 小時營業,星期日: 24 小時營業\"', NULL, '2023-08-08 14:36:15'),
(257, 147, 0, '224台灣新北市瑞芳區金水公路', 25.1173, 121.8613, '黃金瀑布', NULL, '黃金瀑布.jpg', '\"星期一: 24 小時營業,星期二: 24 小時營業,星期三: 24 小時營業,星期四: 24 小時營業,星期五: 24 小時營業,星期六: 24 小時營業,星期日: 24 小時營業\"', NULL, '2023-08-08 14:39:07'),
(258, 147, 2, '224台灣新北市瑞芳區', 25.1183, 121.8645, '水湳洞選煉廠遺址', '02 2497 2250', '水湳洞選煉廠遺址.jpg', '\"星期一: 24 小時營業,星期二: 24 小時營業,星期三: 24 小時營業,星期四: 24 小時營業,星期五: 24 小時營業,星期六: 24 小時營業,星期日: 24 小時營業\"', NULL, '2023-08-08 14:39:07'),
(259, 147, 1, '224台灣新北市瑞芳區濓新里', 25.1223, 121.8642, '陰陽海景觀台', '02 2496 1588', '陰陽海景觀台.jpg', '\"星期一: 24 小時營業,星期二: 24 小時營業,星期三: 24 小時營業,星期四: 24 小時營業,星期五: 24 小時營業,星期六: 24 小時營業,星期日: 24 小時營業\"', NULL, '2023-08-08 14:39:07'),
(260, 148, 0, '224台灣新北市瑞芳區洞頂路104號', 25.1225, 121.8603, '水湳洞', NULL, '水湳洞.jpg', '\"星期一: 24 小時營業,星期二: 24 小時營業,星期三: 24 小時營業,星期四: 24 小時營業,星期五: 24 小時營業,星期六: 24 小時營業,星期日: 24 小時營業\"', NULL, '2023-08-08 14:45:56'),
(261, 148, 1, '224台灣新北市瑞芳區濓新里', 25.1223, 121.8642, '陰陽海景觀台', '02 2496 1588', '陰陽海景觀台.jpg', '\"星期一: 24 小時營業,星期二: 24 小時營業,星期三: 24 小時營業,星期四: 24 小時營業,星期五: 24 小時營業,星期六: 24 小時營業,星期日: 24 小時營業\"', NULL, '2023-08-08 14:45:56'),
(262, 148, 2, '224台灣新北市瑞芳區', 25.1183, 121.8645, '水湳洞選煉廠遺址', '02 2497 2250', '水湳洞選煉廠遺址.jpg', '\"星期一: 24 小時營業,星期二: 24 小時營業,星期三: 24 小時營業,星期四: 24 小時營業,星期五: 24 小時營業,星期六: 24 小時營業,星期日: 24 小時營業\"', NULL, '2023-08-08 14:45:56'),
(263, 149, 0, '228台灣新北市貢寮區龍門里', 25.022, 121.9432, '福隆國際沙雕藝術季 Fulong International Sand Sculpture Art Festival', NULL, '福隆國際沙雕藝術季 Fulong International Sand Sculpture Art Festival.jpg', '\"星期一: 08:00 – 18:00,星期二: 08:00 – 18:00,星期三: 08:00 – 18:00,星期四: 08:00 – 18:00,星期五: 08:00 – 18:00,星期六: 08:00 – 18:00,星期日: 08:00 – 18:00\"', NULL, '2023-08-08 15:10:41'),
(264, 149, 1, '228001台灣新北市貢寮區福隆街41號', 25.0188, 121.9452, '星巴克 福隆觀海門市', '02 2499 2320', '星巴克 福隆觀海門市.jpg', '\"星期一: 09:30 – 18:00,星期二: 09:30 – 18:00,星期三: 09:30 – 18:00,星期四: 09:30 – 18:00,星期五: 09:30 – 18:00,星期六: 08:00 – 20:00,星期日: 08:00 – 20:00\"', NULL, '2023-08-08 15:10:41'),
(265, 149, 2, '228台灣新北市貢寮區福隆街2號', 25.016, 121.9447, '福隆車站', NULL, '福隆車站.jpg', '\"undefined\"', NULL, '2023-08-08 15:10:41'),
(266, 149, 3, '228台灣新北市貢寮區和美街48號 龍洞四季灣', 25.1018, 121.9182, '龍洞四季灣', '02 2490 1000', '龍洞四季灣.jpg', '\"星期一: 09:00 – 17:30,星期二: 09:00 – 17:30,星期三: 09:00 – 17:30,星期四: 09:00 – 17:30,星期五: 09:00 – 17:30,星期六: 09:00 – 17:30,星期日: 09:00 – 17:30\"', NULL, '2023-08-08 15:10:41'),
(267, 149, 4, '228台灣新北市貢寮區龍洞街62-5號號旁', 25.1163, 121.9148, '海想來', '0933 101 597', '海想來.jpg', '\"星期一: 10:00 – 19:00,星期二: 休息,星期三: 休息,星期四: 10:00 – 19:00,星期五: 10:00 – 19:00,星期六: 10:00 – 19:00,星期日: 10:00 – 19:00\"', NULL, '2023-08-08 15:10:41'),
(268, 149, 5, '261台灣宜蘭縣石城路19號之6', 24.9822, 121.9536, '九號咖啡石城館 (二樓採預約制)', '03 969 9569', '九號咖啡石城館 (二樓採預約制).jpg', '\"星期一: 10:00 – 17:00,星期二: 10:00 – 17:00,星期三: 10:00 – 17:00,星期四: 10:00 – 17:00,星期五: 10:00 – 17:00,星期六: 10:00 – 17:00,星期日: 10:00 – 17:00\"', NULL, '2023-08-08 15:10:41'),
(269, 150, 1, '232台灣新北市坪林區新北市坪林區水德村水聳淒坑19-1號', 24.9354, 121.7132, '坪林石雕公園', '02 2665 7251', '坪林石雕公園.jpg', '\"星期一: 24 小時營業,星期二: 24 小時營業,星期三: 24 小時營業,星期四: 24 小時營業,星期五: 24 小時營業,星期六: 24 小時營業,星期日: 24 小時營業\"', NULL, '2023-08-08 15:16:20'),
(270, 150, 0, '232台灣新北市坪林區19-1號', 24.9354, 121.7133, '心茶合一 TeaFlow', '0911 842 511', '心茶合一 TeaFlow.jpg', '\"星期一: 10:00 – 17:00,星期二: 休息,星期三: 10:00 – 17:00,星期四: 10:00 – 17:00,星期五: 10:00 – 17:00,星期六: 10:00 – 17:00,星期日: 10:00 – 17:00\"', NULL, '2023-08-08 15:16:20'),
(271, 150, 2, '232001台灣新北市坪林區19-1號', 24.9346, 121.7125, '坪林茶業博物館', '02 2665 6035', '坪林茶業博物館.jpg', '\"星期一: 09:00 – 17:00,星期二: 09:00 – 17:00,星期三: 09:00 – 17:00,星期四: 09:00 – 17:00,星期五: 09:00 – 17:00,星期六: 09:00 – 17:30,星期日: 09:00 – 17:30\"', NULL, '2023-08-08 15:16:20'),
(272, 150, 3, '232台灣新北市坪林區粗窟里仁里坂15之2號', 24.9237, 121.691, '氧森谷花園餐廳', '02 2665 8197', '氧森谷花園餐廳.jpg', '\"星期一: 休息,星期二: 休息,星期三: 休息,星期四: 11:00 – 21:00,星期五: 11:00 – 21:00,星期六: 11:00 – 21:00,星期日: 11:00 – 21:00\"', NULL, '2023-08-08 15:16:20'),
(273, 150, 4, '223台灣新北市石碇區北宜路五段', 24.9404, 121.6318, '鱷魚島觀景平台', '0922 803 071', '鱷魚島觀景平台.jpg', '\"星期一: 24 小時營業,星期二: 24 小時營業,星期三: 24 小時營業,星期四: 24 小時營業,星期五: 24 小時營業,星期六: 24 小時營業,星期日: 24 小時營業\"', NULL, '2023-08-08 15:16:20'),
(274, 150, 5, '231台灣新北市新店區新店路', 24.956, 121.5368, '碧潭風景區', '02 2913 2579', '碧潭風景區.jpg', '\"星期一: 24 小時營業,星期二: 24 小時營業,星期三: 24 小時營業,星期四: 24 小時營業,星期五: 24 小時營業,星期六: 24 小時營業,星期日: 24 小時營業\"', NULL, '2023-08-08 15:16:20'),
(277, 152, 0, '103台灣台北市大同區寧夏路', 25.0564, 121.5154, '寧夏夜市', '0987 456 794', '寧夏夜市.jpg', '\"\"星期一: 17:00 – 01:00,星期二: 17:00 – 01:00,星期三: 17:00 – 01:00,星期四: 17:00 – 01:00,星期五: 17:00 – 01:00,星期六: 17:00 – 01:00,星期日: 17:00 – 01:00\"\"', NULL, '2023-08-09 10:48:03'),
(278, 152, 1, '103台灣台北市大同區民生西路底五號水門, 大稻埕碼頭貨櫃市集', 25.0561, 121.5076, '大稻埕碼頭貨櫃市集', '02 6605 7338', '大稻埕碼頭貨櫃市集.jpg', '\"星期一: 16:00 – 22:00,星期二: 16:00 – 22:00,星期三: 16:00 – 22:00,星期四: 16:00 – 22:00,星期五: 16:00 – 22:00,星期六: 12:00 – 22:00,星期日: 12:00 – 22:00\"', NULL, '2023-08-09 10:48:03'),
(279, 153, 0, '111台灣台北市士林區仰德大道二段141號林語堂故居', 25.1095, 121.547, '林語堂故居', '02 2861 3003', '林語堂故居.jpg', '\"星期一: 休息,星期二: 09:00 – 17:00,星期三: 09:00 – 17:00,星期四: 09:00 – 17:00,星期五: 09:00 – 17:00,星期六: 09:00 – 17:00,星期日: 09:00 – 17:00\"', NULL, '2023-08-09 10:57:54'),
(280, 153, 1, '111台灣台北市士林區福林路60號', 25.0941, 121.5313, '士林官邸', '02 2883 6340', '士林官邸.jpg', '\"星期一: 休息,星期二: 09:30 – 12:00, 13:30 – 17:00,星期三: 09:30 – 12:00, 13:30 – 17:00,星期四: 09:30 – 12:00, 13:30 – 17:00,星期五: 09:30 – 12:00, 13:30 – 17:00,星期六: 09:30 – 12:00, 13:30 – 17:00,星期日: 09:30 – 12:00, 13:30 – 17:00\"', NULL, '2023-08-09 10:57:54'),
(281, 153, 3, '111台灣台北市士林區至善路二段221號', 25.1014, 121.5501, '至善園', '02 2881 2021', '至善園.jpg', '\"星期一: 休息,星期二: 08:00 – 17:00,星期三: 08:00 – 17:00,星期四: 08:00 – 17:00,星期五: 08:00 – 17:00,星期六: 08:00 – 17:00,星期日: 08:00 – 17:00\"', NULL, '2023-08-09 10:57:54'),
(282, 153, 4, '111台灣台北市士林區至善路二段282號', 25.101, 121.5519, '順益台灣原住民博物館', '02 2841 2611', '順益台灣原住民博物館.jpg', '\"星期一: 休息,星期二: 09:00 – 17:00,星期三: 09:00 – 17:00,星期四: 09:00 – 17:00,星期五: 09:00 – 17:00,星期六: 09:00 – 17:00,星期日: 09:00 – 17:00\"', NULL, '2023-08-09 10:57:54'),
(283, 153, 2, '111台灣台北市士林區至善路二段221號', 25.1013, 121.5492, '國立故宮博物院', '02 2881 2021', '國立故宮博物院.jpg', '\"星期一: 休息,星期二: 09:00 – 17:00,星期三: 09:00 – 17:00,星期四: 09:00 – 17:00,星期五: 09:00 – 17:00,星期六: 09:00 – 17:00,星期日: 09:00 – 17:00\"', NULL, '2023-08-09 10:57:54'),
(284, 154, 0, '100台灣台北市中正區重慶南路一段122號', 25.04, 121.5125, '中華民國總統府', '02 2311 3731', '中華民國總統府.jpg', '\"星期一: 09:00 – 11:30,星期二: 09:00 – 11:30,星期三: 09:00 – 11:30,星期四: 09:00 – 11:30,星期五: 09:00 – 11:30,星期六: 休息,星期日: 休息\"', NULL, '2023-08-09 11:55:24'),
(285, 154, 1, '100台灣台北市中正區八德路一段1號', 25.0453, 121.5277, '華山文創園區 紅磚六合院西1館', '02 2358 1914', '華山文創園區 紅磚六合院西1館.jpg', '\"星期一: 09:00 – 21:00,星期二: 09:00 – 21:00,星期三: 09:00 – 21:00,星期四: 09:00 – 21:00,星期五: 09:00 – 21:00,星期六: 09:00 – 21:00,星期日: 09:00 – 21:00\"', NULL, '2023-08-09 11:55:24'),
(286, 154, 2, '100台灣台北市中正區襄陽路2號', 25.0431, 121.5151, '國立臺灣博物館(NTM Main Building)', '02 2382 2566', '國立臺灣博物館(NTM Main Building).jpg', '\"星期一: 休息,星期二: 09:30 – 17:00,星期三: 09:30 – 17:00,星期四: 09:30 – 17:00,星期五: 09:30 – 17:00,星期六: 09:30 – 17:00,星期日: 09:30 – 17:00\"', NULL, '2023-08-09 11:55:24'),
(287, 154, 3, '100台灣台北市中正區', 25.0418, 121.515, '二二八和平紀念公園', '02 2303 2451', '二二八和平紀念公園.jpg', '\"星期一: 24 小時營業,星期二: 24 小時營業,星期三: 24 小時營業,星期四: 24 小時營業,星期五: 24 小時營業,星期六: 24 小時營業,星期日: 24 小時營業\"', NULL, '2023-08-09 11:55:24'),
(288, 155, 0, '11072台灣台北市信義區光復南路133號', 25.0441, 121.5612, '松山文創園區', '02 2765 1388', '松山文創園區.jpg', '\"星期一: 08:00 – 22:00,星期二: 08:00 – 22:00,星期三: 08:00 – 22:00,星期四: 08:00 – 22:00,星期五: 08:00 – 22:00,星期六: 08:00 – 22:00,星期日: 08:00 – 22:00\"', NULL, '2023-08-09 12:01:51'),
(289, 155, 1, '100台灣台北市中正區', 25.0354, 121.52, '國立中正紀念堂', '02 2343 1100', '國立中正紀念堂.jpg', '\"星期一: 09:00 – 18:00,星期二: 09:00 – 18:00,星期三: 09:00 – 18:00,星期四: 09:00 – 18:00,星期五: 09:00 – 18:00,星期六: 09:00 – 18:00,星期日: 09:00 – 18:00\"', NULL, '2023-08-09 12:01:51'),
(290, 155, 2, '10489台灣台北市中山區建國北路一段96號B1', 25.0503, 121.5363, '袖珍博物館', '02 2515 0583', '袖珍博物館.jpg', '\"星期一: 休息,星期二: 10:00 – 18:00,星期三: 10:00 – 18:00,星期四: 10:00 – 18:00,星期五: 10:00 – 18:00,星期六: 10:00 – 18:00,星期日: 10:00 – 18:00\"', NULL, '2023-08-09 12:01:51'),
(291, 155, 3, '103台灣台北市大同區寧夏路', 25.0564, 121.5154, '寧夏夜市', '0987 456 794', '寧夏夜市.jpg', '\"星期一: 17:00 – 01:00,星期二: 17:00 – 01:00,星期三: 17:00 – 01:00,星期四: 17:00 – 01:00,星期五: 17:00 – 01:00,星期六: 17:00 – 01:00,星期日: 17:00 – 01:00\"', NULL, '2023-08-09 12:01:51'),
(292, 156, 0, '223台灣新北市石碇區永安里', 24.9301, 121.6372, '千島湖', '0922 803 071', '千島湖.jpg', '\"星期一: 24 小時營業,星期二: 24 小時營業,星期三: 24 小時營業,星期四: 24 小時營業,星期五: 24 小時營業,星期六: 24 小時營業,星期日: 24 小時營業\"', NULL, '2023-08-09 12:06:10'),
(293, 156, 1, '223台灣新北市石碇區', 24.9908, 121.6608, '石碇老街', NULL, '石碇老街.jpg', '\"星期一: 08:00 – 17:00,星期二: 08:00 – 17:00,星期三: 休息,星期四: 08:00 – 17:00,星期五: 08:00 – 17:00,星期六: 08:00 – 17:00,星期日: 08:00 – 17:00\"', NULL, '2023-08-09 12:06:10'),
(294, 156, 2, '223台灣新北市石碇區3號', 24.9645, 121.6641, '石碇許家手工麵線', '0932 129 041', '石碇許家手工麵線.jpg', '\"星期一: 08:30 – 15:30,星期二: 休息,星期三: 08:30 – 15:00,星期四: 08:30 – 15:00,星期五: 08:30 – 15:00,星期六: 08:00 – 15:00,星期日: 08:30 – 15:30\"', NULL, '2023-08-09 12:06:10'),
(295, 156, 3, '222台灣新北市深坑區深坑街110號', 25.0017, 121.6147, '深坑老街', '0953 315 349', '深坑老街.jpg', '\"星期一: 09:00 – 21:00,星期二: 09:00 – 21:00,星期三: 09:00 – 21:00,星期四: 09:00 – 21:00,星期五: 09:00 – 21:00,星期六: 09:00 – 21:00,星期日: 09:00 – 21:00\"', NULL, '2023-08-09 12:06:10'),
(296, 157, 0, '251台灣新北市淡水區中正路1號', 25.1692, 121.4439, '淡水老街', '02 2622 1020', '淡水老街.jpg', '\"星期一: 24 小時營業,星期二: 24 小時營業,星期三: 24 小時營業,星期四: 24 小時營業,星期五: 24 小時營業,星期六: 24 小時營業,星期日: 24 小時營業\"', NULL, '2023-08-09 12:11:09'),
(297, 157, 1, '251台灣新北市淡水區真理街15號', 25.174, 121.4363, '小白宮(前大清淡水總稅務司官邸)', '02 2628 2865', '小白宮(前大清淡水總稅務司官邸).jpg', '\"星期一: 09:30 – 17:00,星期二: 09:30 – 17:00,星期三: 09:30 – 17:00,星期四: 09:30 – 17:00,星期五: 09:30 – 17:00,星期六: 09:30 – 18:00,星期日: 09:30 – 18:00\"', NULL, '2023-08-09 12:11:09'),
(298, 157, 2, '251台灣新北市淡水區中正路28巷1號', 25.175, 121.4333, '淡水紅毛城', '02 2623 1001', '淡水紅毛城.jpg', '\"星期一: 09:30 – 17:00,星期二: 09:30 – 17:00,星期三: 09:30 – 17:00,星期四: 09:30 – 17:00,星期五: 09:30 – 17:00,星期六: 09:30 – 18:00,星期日: 09:30 – 18:00\"', NULL, '2023-08-09 12:11:09'),
(299, 157, 3, '台灣漁人碼頭', 25.1833, 121.4095, '漁人碼頭', NULL, '漁人碼頭.jpg', '\"undefined\"', NULL, '2023-08-09 12:11:09'),
(300, 158, 0, '231台灣新北市新店區新店路', 24.956, 121.5368, '碧潭風景區', '02 2913 2579', '碧潭風景區.jpg', '\"星期一: 24 小時營業,星期二: 24 小時營業,星期三: 24 小時營業,星期四: 24 小時營業,星期五: 24 小時營業,星期六: 24 小時營業,星期日: 24 小時營業\"', NULL, '2023-08-09 13:33:40'),
(301, 158, 1, '233台灣新北市烏來區烏來街12號', 24.8639, 121.5515, '烏來老街', '02 2661 6442', '烏來老街.jpg', '\"星期一: 10:00 – 17:00,星期二: 10:00 – 17:00,星期三: 10:00 – 17:00,星期四: 10:00 – 17:00,星期五: 10:00 – 17:00,星期六: 10:00 – 18:00,星期日: 10:00 – 18:00\"', NULL, '2023-08-09 13:33:40'),
(302, 158, 2, '233台灣新北市烏來區溫泉街39號', 24.8621, 121.5508, '烏來水岸溫泉', '02 2661 6650', '烏來水岸溫泉.jpg', '\"星期一: 24 小時營業,星期二: 24 小時營業,星期三: 24 小時營業,星期四: 24 小時營業,星期五: 24 小時營業,星期六: 24 小時營業,星期日: 24 小時營業\"', NULL, '2023-08-09 13:33:40'),
(303, 159, 0, '116台灣台北市文山區新光路二段30號', 24.9988, 121.5808, '臺北市立動物園', '02 2938 2300', '臺北市立動物園.jpg', '\"星期一: 09:00 – 17:00,星期二: 09:00 – 17:00,星期三: 09:00 – 17:00,星期四: 09:00 – 17:00,星期五: 09:00 – 17:00,星期六: 09:00 – 17:00,星期日: 09:00 – 17:00\"', NULL, '2023-08-09 13:36:37'),
(304, 159, 1, '116台灣台北市文山區新光路二段8號', 24.9961, 121.5763, '貓空纜車', '02 8661 8110', '貓空纜車.jpg', '\"星期一: 休息,星期二: 09:00 – 21:00,星期三: 09:00 – 21:00,星期四: 09:00 – 21:00,星期五: 09:00 – 21:00,星期六: 09:00 – 22:00,星期日: 09:00 – 22:00\"', NULL, '2023-08-09 13:36:37'),
(305, 160, 0, '10617台灣台北市大安區羅斯福路四段1號', 25.0173, 121.5398, '國立臺灣大學', '02 3366 3366', '國立臺灣大學.jpg', '\"undefined\"', NULL, '2023-08-09 13:41:07'),
(306, 160, 1, '100台灣台北市中正區思源街1號', 25.0126, 121.5301, '自來水博物館', '02 8369 5104', '自來水博物館.jpg', '\"星期一: 休息,星期二: 09:00 – 17:00,星期三: 09:00 – 17:00,星期四: 09:00 – 17:00,星期五: 09:00 – 17:00,星期六: 09:00 – 17:00,星期日: 09:00 – 17:00\"', NULL, '2023-08-09 13:41:07'),
(307, 160, 2, '100台灣台北市中正區汀州路三段230巷14弄2號', 25.0107, 121.5323, '寶藏巖台北國際藝術村', '02 2364 5313', '寶藏巖台北國際藝術村.jpg', '\"星期一: 休息,星期二: 11:00 – 22:00,星期三: 11:00 – 22:00,星期四: 11:00 – 22:00,星期五: 11:00 – 22:00,星期六: 11:00 – 22:00,星期日: 11:00 – 22:00\"', NULL, '2023-08-09 13:41:07'),
(308, 160, 3, '100台灣台北市中正區', 25.0152, 121.5327, '公館商圈', NULL, '公館商圈.jpg', '\"星期一: 24 小時營業,星期二: 24 小時營業,星期三: 24 小時營業,星期四: 24 小時營業,星期五: 24 小時營業,星期六: 24 小時營業,星期日: 24 小時營業\"', NULL, '2023-08-09 13:41:07'),
(309, 161, 0, '108台灣台北市萬華區康定路173巷', 25.0368, 121.5022, '剝皮寮歷史街區', '02 2302 3199', '剝皮寮歷史街區.jpg', '\"星期一: 休息,星期二: 09:00 – 18:00,星期三: 09:00 – 18:00,星期四: 09:00 – 18:00,星期五: 09:00 – 18:00,星期六: 09:00 – 18:00,星期日: 09:00 – 18:00\"', NULL, '2023-08-09 13:45:15'),
(310, 161, 1, '10853台灣台北市萬華區廣州街211號', 25.037, 121.4999, '艋舺龍山寺', '02 2302 5162', '艋舺龍山寺.jpg', '\"星期一: 06:00 – 21:45,星期二: 06:00 – 21:45,星期三: 06:00 – 21:45,星期四: 06:00 – 21:45,星期五: 06:00 – 21:45,星期六: 06:00 – 21:45,星期日: 06:00 – 21:45\"', NULL, '2023-08-09 13:45:15'),
(311, 161, 2, '108台灣台北市萬華區漢中街121-1號', 25.0429, 121.5076, '西門町商圈', NULL, '西門町商圈.jpg', '\"星期一: 10:00 – 23:00,星期二: 10:00 – 23:00,星期三: 10:00 – 23:00,星期四: 10:00 – 23:00,星期五: 10:00 – 23:00,星期六: 10:00 – 23:00,星期日: 10:00 – 23:00\"', NULL, '2023-08-09 13:45:15'),
(312, 162, 1, '202台灣基隆市中正區', 25.1456, 121.7977, '望幽谷濱海步道', '02 2425 8245', '望幽谷濱海步道.jpg', '\"星期一: 24 小時營業,星期二: 24 小時營業,星期三: 24 小時營業,星期四: 24 小時營業,星期五: 24 小時營業,星期六: 24 小時營業,星期日: 24 小時營業\"', NULL, '2023-08-09 13:57:24'),
(313, 162, 0, '202台灣基隆市中正區', 25.1622, 121.7635, '和平島公園海水泳池', '02 2463 5452', '和平島公園海水泳池.jpg', '\"星期一: 08:00 – 18:00,星期二: 08:00 – 18:00,星期三: 08:00 – 18:00,星期四: 08:00 – 18:00,星期五: 08:00 – 18:00,星期六: 08:00 – 18:00,星期日: 08:00 – 18:00\"', NULL, '2023-08-09 13:57:24'),
(314, 162, 2, '202台灣基隆市漁港一街', 25.1467, 121.7942, '大坪海岸', NULL, '大坪海岸.jpg', '\"星期一: 24 小時營業,星期二: 24 小時營業,星期三: 24 小時營業,星期四: 24 小時營業,星期五: 24 小時營業,星期六: 24 小時營業,星期日: 24 小時營業\"', NULL, '2023-08-09 13:57:24'),
(315, 162, 3, '224台灣新北市瑞芳區', 25.1346, 121.8238, '深澳岬角 象鼻岩景觀區', '02 2960 3456', '深澳岬角 象鼻岩景觀區.jpg', '\"星期一: 24 小時營業,星期二: 24 小時營業,星期三: 24 小時營業,星期四: 24 小時營業,星期五: 24 小時營業,星期六: 24 小時營業,星期日: 24 小時營業\"', NULL, '2023-08-09 13:57:24'),
(316, 163, 0, '202台灣基隆市平一路360號', 25.1613, 121.7642, '和平島地質公園', '02 2463 5452', '和平島地質公園.jpg', '\"星期一: 08:00 – 19:00,星期二: 08:00 – 19:00,星期三: 08:00 – 19:00,星期四: 08:00 – 19:00,星期五: 08:00 – 19:00,星期六: 08:00 – 19:00,星期日: 08:00 – 19:00\"', NULL, '2023-08-09 14:27:39'),
(317, 163, 1, '202台灣基隆市正濱路72號', 25.1527, 121.7694, '正濱漁港-彩色街屋', NULL, '正濱漁港-彩色街屋.jpg', '\"星期一: 24 小時營業,星期二: 24 小時營業,星期三: 24 小時營業,星期四: 24 小時營業,星期五: 24 小時營業,星期六: 24 小時營業,星期日: 24 小時營業\"', NULL, '2023-08-09 14:27:39'),
(318, 163, 2, '202台灣基隆市北寧路367號5樓', 25.141, 121.798, '海科館－海洋科學廳', '02 2469 6000', '海科館－海洋科學廳.jpg', '\"星期一: 休息,星期二: 09:00 – 17:00,星期三: 09:00 – 17:00,星期四: 09:00 – 17:00,星期五: 09:00 – 17:00,星期六: 09:00 – 18:00,星期日: 09:00 – 18:00\"', NULL, '2023-08-09 14:27:39'),
(319, 163, 3, '200台灣基隆市仁二路236號', 25.1304, 121.743, '基隆東岸商場', '02 2426 7290', '基隆東岸商場.jpg', '\"星期一: 11:00 – 22:00,星期二: 11:00 – 22:00,星期三: 11:00 – 22:00,星期四: 11:00 – 22:00,星期五: 11:00 – 22:30,星期六: 11:00 – 22:30,星期日: 11:00 – 22:00\"', NULL, '2023-08-09 14:27:39'),
(320, 163, 4, '203台灣基隆市中山一路189巷135號', 25.1344, 121.7372, '太平青鳥', '02 2427 6323', '太平青鳥.jpg', '\"星期一: 休息,星期二: 休息,星期三: 10:00 – 18:00,星期四: 10:00 – 18:00,星期五: 10:00 – 18:00,星期六: 10:00 – 18:00,星期日: 10:00 – 18:00\"', NULL, '2023-08-09 14:27:39'),
(321, 164, 0, '111台灣台北市士林區菁山路101巷246號', 25.1657, 121.5754, '擎天崗大草原', '02 2861 5404', '擎天崗大草原.jpg', '\"星期一: 24 小時營業,星期二: 24 小時營業,星期三: 24 小時營業,星期四: 24 小時營業,星期五: 24 小時營業,星期六: 24 小時營業,星期日: 24 小時營業\"', NULL, '2023-08-09 14:48:51'),
(325, 165, 0, '106台灣台北市大安區新生南路二段1號', 25.0311, 121.536, '大安森林公園', '02 2700 3830', '大安森林公園.jpg', '\"\"星期一: 24 小時營業,星期二: 24 小時營業,星期三: 24 小時營業,星期四: 24 小時營業,星期五: 24 小時營業,星期六: 24 小時營業,星期日: 24 小時營業\"\"', NULL, '2023-08-10 01:41:48'),
(326, 165, 1, '110台灣台北市信義區信義路五段150巷', 25.0302, 121.5699, '象山公園', '02 2788 4255', '象山公園.jpg', '\"\"星期一: 24 小時營業,星期二: 24 小時營業,星期三: 24 小時營業,星期四: 24 小時營業,星期五: 24 小時營業,星期六: 24 小時營業,星期日: 24 小時營業\"\"', NULL, '2023-08-10 01:41:48'),
(327, 165, 2, '106台灣台北市大安區基隆路三段155巷57號', 25.0146, 121.544, '國立臺灣大學醫學院附設醫院癌醫中心分院', '02 2322 0322', '國立臺灣大學醫學院附設醫院癌醫中心分院.jpg', '\"星期一: 24 小時營業,星期二: 24 小時營業,星期三: 24 小時營業,星期四: 24 小時營業,星期五: 24 小時營業,星期六: 24 小時營業,星期日: 24 小時營業\"', NULL, '2023-08-10 01:41:48'),
(328, 165, 3, '10491台灣台北市中山區民權東路二段109號', 25.0627, 121.5338, '行天宮', '02 2502 7924', '行天宮.jpg', '\"星期一: 04:00 – 22:00,星期二: 04:00 – 22:00,星期三: 04:00 – 22:00,星期四: 04:00 – 22:00,星期五: 04:00 – 22:00,星期六: 04:00 – 22:00,星期日: 04:00 – 22:00\"', NULL, '2023-08-10 01:41:48'),
(329, 166, 0, '110台灣台北市信義區仁愛路四段505號', 25.0394, 121.5598, '國父紀念館', '02 2758 8008', '國父紀念館.jpg', '\"星期一: 09:00 – 18:00,星期二: 09:00 – 18:00,星期三: 09:00 – 18:00,星期四: 09:00 – 18:00,星期五: 09:00 – 18:00,星期六: 09:00 – 18:00,星期日: 09:00 – 18:00\"', NULL, '2023-08-10 09:11:24'),
(330, 166, 1, '110台灣台北市信義區松勤街52號', 25.0318, 121.5619, '四四南村', '02 2723 7937', '四四南村.jpg', '\"星期一: 休息,星期二: 09:00 – 17:00,星期三: 09:00 – 17:00,星期四: 09:00 – 17:00,星期五: 09:00 – 17:00,星期六: 09:00 – 17:00,星期日: 09:00 – 17:00\"', NULL, '2023-08-10 09:11:24'),
(331, 166, 3, '110台灣台北市信義區信義路五段7號89樓', 25.0337, 121.5645, '台北101觀景台', '02 8101 8898', '台北101觀景台.jpg', '\"星期一: 11:00 – 21:00,星期二: 11:00 – 21:00,星期三: 11:00 – 21:00,星期四: 11:00 – 21:00,星期五: 11:00 – 21:00,星期六: 11:00 – 21:00,星期日: 11:00 – 21:00\"', NULL, '2023-08-10 09:11:24'),
(332, 166, 2, '110台灣台北市信義區信義路五段100號', 25.0328, 121.5658, '幾米月亮公車', '02 2729 2000', '幾米月亮公車.jpg', '\"星期一: 休息,星期二: 09:00 – 21:00,星期三: 09:00 – 21:00,星期四: 09:00 – 21:00,星期五: 09:00 – 21:00,星期六: 09:00 – 20:30,星期日: 09:00 – 21:00\"', NULL, '2023-08-10 09:11:24'),
(341, 168, 1, '100台灣台北市中正區', 25.0354, 121.52, '國立中正紀念堂', '02 2343 1100', '國立中正紀念堂.jpg', '\"星期一: 09:00 – 18:00,星期二: 09:00 – 18:00,星期三: 09:00 – 18:00,星期四: 09:00 – 18:00,星期五: 09:00 – 18:00,星期六: 09:00 – 18:00,星期日: 09:00 – 18:00\"', NULL, '2023-08-10 09:38:15'),
(342, 168, 0, '100台灣台北市中正區八德路一段1號', 25.0453, 121.5277, '華山文創園區 紅磚六合院西1館', '02 2358 1914', '華山文創園區 紅磚六合院西1館.jpg', '\"星期一: 09:00 – 21:00,星期二: 09:00 – 21:00,星期三: 09:00 – 21:00,星期四: 09:00 – 21:00,星期五: 09:00 – 21:00,星期六: 09:00 – 21:00,星期日: 09:00 – 21:00\"', NULL, '2023-08-10 09:38:15'),
(343, 168, 2, '108台灣台北市萬華區漢中街121-1號', 25.0429, 121.5076, '西門町商圈', NULL, '西門町商圈.jpg', '\"星期一: 10:00 – 23:00,星期二: 10:00 – 23:00,星期三: 10:00 – 23:00,星期四: 10:00 – 23:00,星期五: 10:00 – 23:00,星期六: 10:00 – 23:00,星期日: 10:00 – 23:00\"', NULL, '2023-08-10 09:38:15'),
(344, 169, 0, '11169台灣台北市士林區承德路五段55號', 25.0975, 121.5145, '兒童新樂園摩天輪', '02 2833 3823#105', '兒童新樂園摩天輪.jpg', '\"星期一: 休息,星期二: 09:00 – 17:00,星期三: 09:00 – 17:00,星期四: 09:00 – 17:00,星期五: 09:00 – 17:00,星期六: 09:00 – 20:00,星期日: 09:00 – 18:00\"', NULL, '2023-08-10 09:45:33'),
(345, 170, 0, '111台灣台北市士林區菁山路101巷246號', 25.1657, 121.5754, '擎天崗大草原', '02 2861 5404', '擎天崗大草原.jpg', '\"星期一: 24 小時營業,星期二: 24 小時營業,星期三: 24 小時營業,星期四: 24 小時營業,星期五: 24 小時營業,星期六: 24 小時營業,星期日: 24 小時營業\"', NULL, '2023-08-10 09:53:31'),
(346, 170, 1, '112台灣台北市北投區竹子湖', 25.1692, 121.539, '竹子湖', NULL, '竹子湖.jpg', '\"undefined\"', NULL, '2023-08-10 09:53:31'),
(347, 170, 2, '112台灣台北市北投區竹子湖路55之11號', 25.1772, 121.5309, '青菜園', '02 2861 9165', '青菜園.jpg', '\"星期一: 11:00 – 19:30,星期二: 11:00 – 19:30,星期三: 休息,星期四: 11:00 – 19:30,星期五: 11:00 – 20:00,星期六: 11:00 – 20:00,星期日: 11:00 – 19:30\"', NULL, '2023-08-10 09:53:31'),
(348, 171, 0, '249台灣新北市八里區渡船頭街', 25.1584, 121.4347, '八里渡船頭老街', NULL, '八里渡船頭老街.jpg', '\"星期一: 24 小時營業,星期二: 24 小時營業,星期三: 24 小時營業,星期四: 24 小時營業,星期五: 24 小時營業,星期六: 24 小時營業,星期日: 24 小時營業\"', NULL, '2023-08-10 09:57:59'),
(349, 151, 0, '224台灣新北市瑞芳區建基路二段119號', 25.1346, 121.8046, '八斗子車站', '02 2497 2033', '八斗子車站.jpg', '\"undefined\"', NULL, '2023-08-10 10:06:25'),
(350, 151, 1, '台灣八斗子漁港', 25.1446, 121.7915, '八斗子漁港', NULL, '八斗子漁港.jpg', '\"undefined\"', NULL, '2023-08-10 10:06:25'),
(351, 151, 2, '202台灣基隆市中正區', 25.1456, 121.7977, '望幽谷濱海步道', '02 2425 8245', '望幽谷濱海步道.jpg', '\"星期一: 24 小時營業,星期二: 24 小時營業,星期三: 24 小時營業,星期四: 24 小時營業,星期五: 24 小時營業,星期六: 24 小時營業,星期日: 24 小時營業\"', NULL, '2023-08-10 10:06:25'),
(352, 173, 0, '106台灣台北市大安區新生南路二段1號', 25.0311, 121.536, '大安森林公園', '02 2700 3830', '大安森林公園.jpg', '\"星期一: 24 小時營業,星期二: 24 小時營業,星期三: 24 小時營業,星期四: 24 小時營業,星期五: 24 小時營業,星期六: 24 小時營業,星期日: 24 小時營業\"', NULL, '2023-08-10 10:30:35'),
(353, 172, 0, '223台灣新北市石碇區石碇東街85號', 24.991, 121.6602, '王氏豆腐', '02 2663 1976', '王氏豆腐.jpg', '\"星期一: 休息,星期二: 休息,星期三: 休息,星期四: 10:00 – 17:00,星期五: 10:00 – 17:00,星期六: 07:30 – 18:00,星期日: 07:30 – 18:00\"', NULL, '2023-08-10 10:32:01'),
(354, 172, 1, '223台灣新北市石碇區石碇東街75號', 24.991, 121.6603, '福寶飲食店', '02 2663 1529', '福寶飲食店.jpg', '\"星期一: 休息,星期二: 11:00 – 19:00,星期三: 11:00 – 19:00,星期四: 11:00 – 19:00,星期五: 11:00 – 19:00,星期六: 11:00 – 19:00,星期日: 11:00 – 19:00\"', NULL, '2023-08-10 10:32:01'),
(356, 172, 3, '223台灣新北市石碇區石碇東街77號', 24.991, 121.6603, '陳記豆腐養生恬點', '02 2663 2555', '陳記豆腐養生恬點.jpg', '\"星期一: 休息,星期二: 10:00 – 17:00,星期三: 10:00 – 17:00,星期四: 10:00 – 17:00,星期五: 10:00 – 17:00,星期六: 10:00 – 18:00,星期日: 10:00 – 18:00\"', NULL, '2023-08-10 10:32:01'),
(357, 174, 0, '233台灣新北市烏來區瀑布路16號', 24.8476, 121.5516, '烏來瀑布', '02 2661 6942', '烏來瀑布.jpg', '\"星期一: 24 小時營業,星期二: 24 小時營業,星期三: 24 小時營業,星期四: 24 小時營業,星期五: 24 小時營業,星期六: 24 小時營業,星期日: 24 小時營業\"', NULL, '2023-08-10 10:37:41'),
(358, 174, 1, '233台灣新北市烏來區烏來街12號', 24.8641, 121.5515, '烏來泰雅民族博物館', '02 2661 8162', '烏來泰雅民族博物館.jpg', '\"星期一: 09:30 – 17:00,星期二: 09:30 – 17:00,星期三: 09:30 – 17:00,星期四: 09:30 – 17:00,星期五: 09:30 – 17:00,星期六: 09:30 – 18:00,星期日: 09:30 – 18:00\"', NULL, '2023-08-10 10:37:41'),
(359, 174, 2, '233台灣新北市烏來區烏來街12號', 24.8639, 121.5515, '烏來老街', '02 2661 6442', '烏來老街.jpg', '\"星期一: 10:00 – 17:00,星期二: 10:00 – 17:00,星期三: 10:00 – 17:00,星期四: 10:00 – 17:00,星期五: 10:00 – 17:00,星期六: 10:00 – 18:00,星期日: 10:00 – 18:00\"', NULL, '2023-08-10 10:37:41'),
(360, 174, 3, '233台灣新北市烏來區西羅岸路37號', 24.8656, 121.5475, '烏來旅晨溫泉民宿', '02 2661 6658', '烏來旅晨溫泉民宿.jpg', '\"星期一: 10:00 – 22:00,星期二: 10:00 – 22:00,星期三: 10:00 – 22:00,星期四: 10:00 – 22:00,星期五: 10:00 – 22:00,星期六: 10:00 – 22:00,星期日: 10:00 – 22:00\"', NULL, '2023-08-10 10:37:41'),
(363, 176, 0, '108台灣台北市萬華區西門町', 25.0439, 121.5058, '西門町', NULL, '西門町.jpg', '\"\"undefined\"\"', NULL, '2023-08-10 13:41:00'),
(364, 176, 1, '108台灣台北市萬華區漢中街116-120號', 25.0427, 121.5075, '西門捷運六號出口', NULL, '西門捷運六號出口.jpg', '\"\"undefined\"\"', NULL, '2023-08-10 13:41:00'),
(365, 176, 2, '10853台灣台北市萬華區廣州街211號', 25.037, 121.4999, '艋舺龍山寺', '02 2302 5162', '艋舺龍山寺.jpg', '\"星期一: 06:00 – 21:45,星期二: 06:00 – 21:45,星期三: 06:00 – 21:45,星期四: 06:00 – 21:45,星期五: 06:00 – 21:45,星期六: 06:00 – 21:45,星期日: 06:00 – 21:45\"', NULL, '2023-08-10 13:41:00'),
(367, 177, 0, '106台灣台北市大安區新生南路二段1號', 25.0311, 121.536, '大安森林公園', '02 2700 3830', '大安森林公園.jpg', '\"\"星期一: 24 小時營業,星期二: 24 小時營業,星期三: 24 小時營業,星期四: 24 小時營業,星期五: 24 小時營業,星期六: 24 小時營業,星期日: 24 小時營業\"\"', NULL, '2023-08-10 13:49:14'),
(368, 178, 0, '103台灣台北市大同區迪化街一段', 25.0551, 121.51, '迪化街', NULL, '迪化街.jpg', '\"星期一: 24 小時營業,星期二: 24 小時營業,星期三: 24 小時營業,星期四: 24 小時營業,星期五: 24 小時營業,星期六: 24 小時營業,星期日: 24 小時營業\"', NULL, '2023-08-10 15:16:36'),
(369, 178, 1, '103台灣台北市大同區民生西路底五號水門, 大稻埕碼頭貨櫃市集', 25.0561, 121.5076, '大稻埕碼頭貨櫃市集', '02 6605 7338', '大稻埕碼頭貨櫃市集.jpg', '\"星期一: 16:00 – 22:00,星期二: 16:00 – 22:00,星期三: 16:00 – 22:00,星期四: 16:00 – 22:00,星期五: 16:00 – 22:00,星期六: 12:00 – 22:00,星期日: 12:00 – 22:00\"', NULL, '2023-08-10 15:16:36'),
(374, 179, 0, '268台灣宜蘭縣五濱路二段201號', 24.6856, 121.8242, '宜蘭傳藝園區', '03 950 8859', '宜蘭傳藝園區.jpg', '\"\"星期一: 09:00 – 18:00,星期二: 09:00 – 18:00,星期三: 09:00 – 18:00,星期四: 09:00 – 18:00,星期五: 09:00 – 18:00,星期六: 09:00 – 18:00,星期日: 09:00 – 18:00\"\"', NULL, '2023-08-10 22:19:58'),
(375, 179, 1, '261台灣宜蘭縣青雲路三段750號', 24.869, 121.8329, '蘭陽博物館', '03 977 9700', '蘭陽博物館.jpg', '\"\"星期一: 09:00 – 17:00,星期二: 09:00 – 17:00,星期三: 休息,星期四: 09:00 – 17:00,星期五: 09:00 – 17:00,星期六: 09:00 – 17:00,星期日: 09:00 – 17:00\"\"', NULL, '2023-08-10 22:19:58'),
(376, 179, 2, '268台灣宜蘭縣五濱路一段40號', 24.6545, 121.8318, 'Healtdeva 赫蒂法莊園', '03 990 8567', 'Healtdeva 赫蒂法莊園.jpg', '\"\"星期一: 09:00 – 18:00,星期二: 09:00 – 18:00,星期三: 09:00 – 18:00,星期四: 09:00 – 18:00,星期五: 09:00 – 19:00,星期六: 09:00 – 19:00,星期日: 09:00 – 18:00\"\"', NULL, '2023-08-10 22:19:58'),
(377, 180, 0, '260台灣宜蘭縣宜興路一段240號', 24.7527, 121.7569, '宜蘭幾米公園', '03 931 2152', '宜蘭幾米公園.jpg', '\"星期一: 24 小時營業,星期二: 24 小時營業,星期三: 24 小時營業,星期四: 24 小時營業,星期五: 24 小時營業,星期六: 24 小時營業,星期日: 24 小時營業\"', NULL, '2023-08-10 22:24:46'),
(378, 180, 1, '266台灣宜蘭縣行健溪一路二段161號', 24.6749, 121.6756, '張美阿嬤農場', '0979 333 036', '張美阿嬤農場.jpg', '\"星期一: 09:00 – 17:30,星期二: 09:00 – 17:30,星期三: 09:00 – 17:30,星期四: 09:00 – 17:30,星期五: 09:00 – 17:30,星期六: 08:30 – 17:30,星期日: 08:30 – 17:30\"', NULL, '2023-08-10 22:24:46'),
(379, 180, 2, '267台灣台湾宜兰县三星路八段501巷150號', 24.6118, 121.6365, '清水地熱公園', '03 989 4500', '清水地熱公園.jpg', '\"星期一: 09:00 – 17:00,星期二: 09:00 – 17:00,星期三: 09:00 – 17:00,星期四: 09:00 – 17:00,星期五: 09:00 – 17:00,星期六: 09:00 – 17:00,星期日: 09:00 – 17:00\"', NULL, '2023-08-10 22:24:46'),
(389, 181, 0, '111台灣台北市士林區菁山路101巷246號', 25.1657, 121.5754, '擎天崗大草原', '02 2861 5404', '擎天崗大草原.jpg', '\"\"\"\"星期一: 24 小時營業,星期二: 24 小時營業,星期三: 24 小時營業,星期四: 24 小時營業,星期五: 24 小時營業,星期六: 24 小時營業,星期日: 24 小時營業\"\"\"\"', NULL, '2023-08-10 22:43:43'),
(390, 181, 1, '112台灣台北市北投區竹子湖路69號', 25.1764, 121.5469, '小油坑遊客服務站', '02 2861 7024', '小油坑遊客服務站.jpg', '\"\"\"\"星期一: 09:00 – 16:30,星期二: 09:00 – 16:30,星期三: 09:00 – 16:30,星期四: 09:00 – 16:30,星期五: 09:00 – 16:30,星期六: 09:00 – 16:30,星期日: 09:00 – 16:30\"\"\"\"', NULL, '2023-08-10 22:43:43'),
(391, 181, 2, '112台灣台北市北投區', 25.1755, 121.5354, '竹子湖海芋園', NULL, '竹子湖海芋園.jpg', '\"\"\"undefined\"\"\"', NULL, '2023-08-10 22:43:43'),
(395, 182, 0, '224台灣新北市瑞芳區基山街', 25.1099, 121.8452, '九份老街', '02 2406 3270', '九份老街.jpg', '\"\"星期一: 08:00 – 19:00,星期二: 08:00 – 19:00,星期三: 08:00 – 19:00,星期四: 08:00 – 19:00,星期五: 08:00 – 22:00,星期六: 08:00 – 22:00,星期日: 08:00 – 22:00\"\"', NULL, '2023-08-11 09:25:32'),
(396, 182, 1, '226台灣新北市平溪區乾坑10號', 25.0474, 121.7842, '十分瀑布', '02 2495 8409', '十分瀑布.jpg', '\"\"星期一: 09:00 – 16:30,星期二: 09:00 – 16:30,星期三: 09:00 – 16:30,星期四: 09:00 – 16:30,星期五: 09:00 – 16:30,星期六: 09:00 – 16:30,星期日: 09:00 – 16:30\"\"', NULL, '2023-08-11 09:25:32'),
(400, 184, 0, '202台灣基隆市中正區', 25.1622, 121.7635, '和平島公園海水泳池', '02 2463 5452', '和平島公園海水泳池.jpg', '\"\"星期一: 08:00 – 18:00,星期二: 08:00 – 18:00,星期三: 08:00 – 18:00,星期四: 08:00 – 18:00,星期五: 08:00 – 18:00,星期六: 08:00 – 18:00,星期日: 08:00 – 18:00\"\"', NULL, '2023-08-12 19:10:30'),
(401, 184, 1, '202台灣基隆市中正區', 25.1456, 121.7977, '望幽谷濱海步道', '02 2425 8245', '望幽谷濱海步道.jpg', '\"\"星期一: 24 小時營業,星期二: 24 小時營業,星期三: 24 小時營業,星期四: 24 小時營業,星期五: 24 小時營業,星期六: 24 小時營業,星期日: 24 小時營業\"\"', NULL, '2023-08-12 19:10:30'),
(405, 186, 0, '106台灣台北市大安區新生南路二段1號', 25.0311, 121.536, '大安森林公園', '02 2700 3830', '大安森林公園.jpg', '\"\"星期一: 24 小時營業,星期二: 24 小時營業,星期三: 24 小時營業,星期四: 24 小時營業,星期五: 24 小時營業,星期六: 24 小時營業,星期日: 24 小時營業\"\"', NULL, '2023-08-12 22:18:56'),
(406, 186, 1, '10491台灣台北市中山區民權東路二段109號', 25.0627, 121.5338, '行天宮', '02 2502 7924', '行天宮.jpg', '\"\"星期一: 04:00 – 22:00,星期二: 04:00 – 22:00,星期三: 04:00 – 22:00,星期四: 04:00 – 22:00,星期五: 04:00 – 22:00,星期六: 04:00 – 22:00,星期日: 04:00 – 22:00\"\"', NULL, '2023-08-12 22:18:56'),
(407, 186, 2, '115台灣台北市南港區市民大道八段99號', 25.0522, 121.5986, '臺北流行音樂中心', '02 2788 6620', '臺北流行音樂中心.jpg', '\"星期一: 休息,星期二: 10:00 – 18:00,星期三: 10:00 – 18:00,星期四: 10:00 – 18:00,星期五: 10:00 – 18:00,星期六: 10:00 – 18:00,星期日: 10:00 – 18:00\"', NULL, '2023-08-12 22:18:56'),
(414, 188, 0, '202台灣基隆市中正區', 25.1622, 121.7635, '和平島公園海水泳池', '02 2463 5452', '和平島公園海水泳池.jpg', '\"星期一: 08:00 – 18:00,星期二: 08:00 – 18:00,星期三: 08:00 – 18:00,星期四: 08:00 – 18:00,星期五: 08:00 – 18:00,星期六: 08:00 – 18:00,星期日: 08:00 – 18:00\"', NULL, '2023-08-13 10:38:21');
INSERT INTO `itinerary_details` (`sid`, `itin_id`, `itin_order`, `formatted_address`, `lat`, `lng`, `name`, `phone_number`, `photo_url`, `weekday_text`, `startdatetime`, `create_at`) VALUES
(415, 188, 2, '224台灣新北市瑞芳區', 25.1346, 121.8238, '深澳岬角 象鼻岩景觀區', '02 2960 3456', '深澳岬角 象鼻岩景觀區.jpg', '\"星期一: 24 小時營業,星期二: 24 小時營業,星期三: 24 小時營業,星期四: 24 小時營業,星期五: 24 小時營業,星期六: 24 小時營業,星期日: 24 小時營業\"', NULL, '2023-08-13 10:38:21'),
(416, 188, 1, '202台灣基隆市中正區', 25.1456, 121.7977, '望幽谷濱海步道', '02 2425 8245', '望幽谷濱海步道.jpg', '\"星期一: 24 小時營業,星期二: 24 小時營業,星期三: 24 小時營業,星期四: 24 小時營業,星期五: 24 小時營業,星期六: 24 小時營業,星期日: 24 小時營業\"', NULL, '2023-08-13 10:38:21'),
(417, 187, 0, '202台灣基隆市平一路360號', 25.1613, 121.7642, '和平島地質公園 Heping Island GeoPark', '02 2463 5452', '和平島地質公園 Heping Island GeoPark.jpg', '\"\"\"星期一: 08:00 – 19:00,星期二: 08:00 – 19:00,星期三: 08:00 – 19:00,星期四: 08:00 – 19:00,星期五: 08:00 – 19:00,星期六: 08:00 – 19:00,星期日: 08:00 – 19:00\"\"\"', NULL, '2023-08-13 10:40:11'),
(418, 187, 1, '202台灣基隆市中正區', 25.1456, 121.7977, '望幽谷濱海步道', '02 2425 8245', '望幽谷濱海步道.jpg', '\"\"\"星期一: 24 小時營業,星期二: 24 小時營業,星期三: 24 小時營業,星期四: 24 小時營業,星期五: 24 小時營業,星期六: 24 小時營業,星期日: 24 小時營業\"\"\"', NULL, '2023-08-13 10:40:11'),
(419, 187, 2, '224台灣新北市瑞芳區', 25.1346, 121.8238, '深澳岬角 象鼻岩景觀區', '02 2960 3456', '深澳岬角 象鼻岩景觀區.jpg', '\"星期一: 24 小時營業,星期二: 24 小時營業,星期三: 24 小時營業,星期四: 24 小時營業,星期五: 24 小時營業,星期六: 24 小時營業,星期日: 24 小時營業\"', NULL, '2023-08-13 10:40:11'),
(420, 167, 0, '239台灣新北市莺歌区育英街67號3F', 24.9522, 121.3473, '鶯歌老街', NULL, '鶯歌老街.jpg', '\"\"\"星期一: 24 小時營業,星期二: 24 小時營業,星期三: 24 小時營業,星期四: 24 小時營業,星期五: 24 小時營業,星期六: 24 小時營業,星期日: 24 小時營業\"\"\"', NULL, '2023-08-13 21:59:17'),
(421, 167, 1, '237台灣新北市三峽區', 24.8254, 121.4487, '滿月圓森林遊樂區遊客中心', '02 2672 0542', '滿月圓森林遊樂區遊客中心.jpg', '\"\"\"星期一: 08:00 – 17:00,星期二: 08:00 – 17:00,星期三: 08:00 – 17:00,星期四: 08:00 – 17:00,星期五: 08:00 – 17:00,星期六: 07:00 – 17:00,星期日: 07:00 – 17:00\"\"\"', NULL, '2023-08-13 21:59:17'),
(422, 167, 2, '237台灣新北市三峽區民權街37-147號', 24.9338, 121.3698, '三峽老街', '0920 767 374', '三峽老街.jpg', '\"\"星期一: 10:00 – 19:30,星期二: 10:00 – 19:30,星期三: 10:00 – 19:30,星期四: 10:00 – 19:30,星期五: 10:00 – 19:30,星期六: 09:00 – 20:00,星期日: 09:00 – 20:00\"\"', NULL, '2023-08-13 21:59:17'),
(424, 189, 0, '116台灣台北市文山區新光路二段30號', 24.9988, 121.5808, '臺北市立動物園', '02 2938 2300', '臺北市立動物園.jpg', '\"\"星期一: 09:00 – 17:00,星期二: 09:00 – 17:00,星期三: 09:00 – 17:00,星期四: 09:00 – 17:00,星期五: 09:00 – 17:00,星期六: 09:00 – 17:00,星期日: 09:00 – 17:00\"\"', NULL, '2023-08-14 10:23:13'),
(425, 189, 1, '116台灣台北市文山區指南路二段64號', 24.9876, 121.5774, '國立政治大學', '02 2939 3091', '國立政治大學.jpg', '\"undefined\"', NULL, '2023-08-14 10:23:13'),
(426, 190, 0, '106台灣台北市大安區忠孝東路四段45號', 25.0419, 121.5449, '遠東SOGO台北忠孝館VIP LOUNGE', '02 2776 5555', '遠東SOGO台北忠孝館VIP LOUNGE.jpg', '\"星期一: 11:00 – 21:30,星期二: 11:00 – 21:30,星期三: 11:00 – 21:30,星期四: 11:00 – 21:30,星期五: 11:00 – 22:00,星期六: 11:00 – 22:00,星期日: 11:00 – 21:30\"', NULL, '2023-08-14 10:25:04');

--
-- 已傾印資料表的索引
--

--
-- 資料表索引 `itinerary_details`
--
ALTER TABLE `itinerary_details`
  ADD PRIMARY KEY (`sid`);

--
-- 在傾印的資料表使用自動遞增(AUTO_INCREMENT)
--

--
-- 使用資料表自動遞增(AUTO_INCREMENT) `itinerary_details`
--
ALTER TABLE `itinerary_details`
  MODIFY `sid` int(11) NOT NULL AUTO_INCREMENT, AUTO_INCREMENT=427;
COMMIT;

/*!40101 SET CHARACTER_SET_CLIENT=@OLD_CHARACTER_SET_CLIENT */;
/*!40101 SET CHARACTER_SET_RESULTS=@OLD_CHARACTER_SET_RESULTS */;
/*!40101 SET COLLATION_CONNECTION=@OLD_COLLATION_CONNECTION */;
